This is pdfTeX, Version 3.141592653-2.6-1.40.25 (TeX Live 2023/Debian) (preloaded format=pdflatex 2025.12.26)  9 APR 2026 12:10
entering extended mode
 restricted \write18 enabled.
 file:line:error style messages enabled.
 %&-line parsing enabled.
**"/home/dinisrosa22/Documentos/Ano Letívo 2025_26/2º SEMESTRE/Base de Dados Clinicas e de Gestão Hospitalar/TRABALHO/RELATORIO/main.tex"
(/home/dinisrosa22/Documentos/Ano Letívo 2025_26/2º SEMESTRE/Base de Dados Clinicas e de Gestão Hospitalar/TRABALHO/RELATORIO/main.tex
LaTeX2e <2023-11-01> patch level 1
L3 programming layer <2024-01-22>
(./pacotes/Ifba_tcc.cls
Document Class: pacotes/Ifba_tcc 2024/07/30 v5.0
(/home/dinisrosa22/texmf/tex/latex/abntex2/abntex2.cls
Document Class: abntex2 2018/11/24 v-1.9.7 abnTeX2
(/usr/share/texlive/texmf-dist/tex/latex/base/ifthen.sty
Package: ifthen 2022/04/13 v1.1d Standard LaTeX ifthen package (DPC)
) (/usr/share/texlive/texmf-dist/tex/latex/memoir/memoir.cls
Document Class: memoir 2024/01/26 v3.8.2 configurable book, report, article document class
(/usr/share/texlive/texmf-dist/tex/latex/xpatch/xpatch.sty (/usr/share/texlive/texmf-dist/tex/latex/l3kernel/expl3.sty
Package: expl3 2024-01-22 L3 programming layer (loader) 
 (/usr/share/texlive/texmf-dist/tex/latex/l3backend/l3backend-pdftex.def
File: l3backend-pdftex.def 2024-01-04 L3 backend support: PDF output (pdfTeX)
\l__color_backend_stack_int=\count187
\l__pdf_internal_box=\box51
))
Package: xpatch 2020/03/25 v0.3a Extending etoolbox patching commands
 (/usr/share/texlive/texmf-dist/tex/latex/l3packages/xparse/xparse.sty
Package: xparse 2023-10-10 L3 Experimental document command parser
) (/usr/share/texlive/texmf-dist/tex/latex/etoolbox/etoolbox.sty
Package: etoolbox 2020/10/05 v2.5k e-TeX tools for LaTeX (JAW)
\etb@tempcnta=\count188
))
\onelineskip=\skip48
\lxvchars=\skip49
\xlvchars=\skip50
\@memcnta=\count189
\c@@memmarkcntra=\count190
 (/usr/share/texlive/texmf-dist/tex/generic/iftex/iftex.sty
Package: iftex 2022/02/03 v1.0f TeX engine tests
)
\trimtop=\skip51
\trimedge=\skip52
 (/usr/share/texlive/texmf-dist/tex/latex/memoir/mem12.clo
File: mem12.clo 2022/07/29 v0.5 memoir class 12pt size option
)
\binding=\skip53
\spinemargin=\skip54
\foremargin=\skip55
\uppermargin=\skip56
\lowermargin=\skip57
\headdrop=\skip58
\normalrulethickness=\skip59
\mem@maxheadheight=\skip60
\mem@maxfootheight=\skip61
\headwidth=\skip62
\c@storedpagenumber=\count191
\memPD=\dimen140
\m@mabparskip=\skip63
\thanksmarkwidth=\skip64
\thanksmarksep=\skip65
\droptitle=\skip66
\c@book=\count192
\c@part=\count193
\c@chapter=\count194
\c@section=\count195
\c@subsection=\count196
\c@subsubsection=\count197
\c@paragraph=\count198
\c@subparagraph=\count199
\beforechapskip=\skip67
\midchapskip=\skip68
\afterchapskip=\skip69
\chapindent=\skip70
\bottomsectionskip=\skip71
\secindent=\skip72
\beforesecskip=\skip73
\aftersecskip=\skip74
\subsecindent=\skip75
\beforesubsecskip=\skip76
\aftersubsecskip=\skip77
\subsubsecindent=\skip78
\beforesubsubsecskip=\skip79
\aftersubsubsecskip=\skip80
\paraindent=\skip81
\beforeparaskip=\skip82
\afterparaskip=\skip83
\subparaindent=\skip84
\beforesubparaskip=\skip85
\aftersubparaskip=\skip86
\pfbreakskip=\skip87
\c@@ppsavesec=\count266
\c@@ppsaveapp=\count267
\ragrparindent=\dimen141
\everylistparindent=\dimen142
\parsepi=\skip88
\topsepi=\skip89
\itemsepi=\skip90
\parsepii=\skip91
\topsepii=\skip92
\topsepiii=\skip93
\itemsepii=\skip94
\itemsepiii=\skip95
\partopsepii=\skip96
\partopsepiii=\skip97
\m@msavetopsep=\skip98
\m@msavepartopsep=\skip99
\@enLab=\toks17
\abstitleskip=\skip100
\absleftindent=\skip101
\abs@leftindent=\dimen143
\absrightindent=\skip102
\absparindent=\skip103
\absparsep=\skip104
\c@vslineno=\count268
\c@poemline=\count269
\c@modulo@vs=\count270
\c@memfvsline=\count271
\vleftskip=\skip105
\vrightskip=\skip106
\stanzaskip=\skip107
\versewidth=\skip108
\vgap=\skip109
\vindent=\skip110
\vleftmargin=\dimen144
\c@verse=\count272
\c@chrsinstr=\count273
\beforepoemtitleskip=\skip111
\afterpoemtitleskip=\skip112
\c@poem=\count274
\beforePoemTitleskip=\skip113
\midPoemTitleskip=\skip114
\afterPoemTitleskip=\skip115
 (/usr/share/texlive/texmf-dist/tex/latex/tools/array.sty
Package: array 2023/10/16 v2.5g Tabular extension package (FMi)
\col@sep=\dimen145
\ar@mcellbox=\box52
\extrarowheight=\dimen146
\NC@list=\toks18
\extratabsurround=\skip116
\backup@length=\skip117
\ar@cellbox=\box53
) (/usr/share/texlive/texmf-dist/tex/latex/tools/dcolumn.sty
Package: dcolumn 2023/07/08 v1.06 decimal alignment package (DPC)
) (/usr/share/texlive/texmf-dist/tex/latex/tools/delarray.sty
Package: delarray 2014/10/28 v1.01 array delimiter package (DPC)
) (/usr/share/texlive/texmf-dist/tex/latex/tools/tabularx.sty
Package: tabularx 2023/07/08 v2.11c `tabularx' package (DPC)
\TX@col@width=\dimen147
\TX@old@table=\dimen148
\TX@old@col=\dimen149
\TX@target=\dimen150
\TX@delta=\dimen151
\TX@cols=\count275
\TX@ftn=\toks19
) (/usr/share/texlive/texmf-dist/tex/latex/booktabs/booktabs.sty
Package: booktabs 2020/01/12 v1.61803398 Publication quality tables
\heavyrulewidth=\dimen152
\lightrulewidth=\dimen153
\cmidrulewidth=\dimen154
\belowrulesep=\dimen155
\belowbottomsep=\dimen156
\aboverulesep=\dimen157
\abovetopsep=\dimen158
\cmidrulesep=\dimen159
\cmidrulekern=\dimen160
\defaultaddspace=\dimen161
\@cmidla=\count276
\@cmidlb=\count277
\@aboverulesep=\dimen162
\@belowrulesep=\dimen163
\@thisruleclass=\count278
\@lastruleclass=\count279
\@thisrulewidth=\dimen164
)
\ctableftskip=\skip118
\ctabrightskip=\skip119
\abovecolumnspenalty=\count280
\@linestogo=\count281
\@cellstogo=\count282
\@cellsincolumn=\count283
\crtok=\toks20
\@mincolumnwidth=\dimen165
\c@newflo@tctr=\count284
\mem@margin@floatbox=\box54
\@contcwidth=\skip120
\@contindw=\skip121
\abovecaptionskip=\skip122
\belowcaptionskip=\skip123
\subfloattopskip=\skip124
\subfloatcapskip=\skip125
\subfloatcaptopadj=\skip126
\subfloatbottomskip=\skip127
\subfloatlabelskip=\skip128
\subfloatcapmargin=\dimen166
\c@@contsubnum=\count285
\m@mscap@capbox=\box55
\m@mscap@fbox=\box56
\sidecapsep=\dimen167
\sidecapwidth=\dimen168
\m@m@tempdima=\dimen169
\m@mscapraise=\dimen170
\sidecapraise=\dimen171
\m@mscapmainwidth=\dimen172
\m@mscaplkern=\dimen173
\beforeepigraphskip=\skip129
\afterepigraphskip=\skip130
\epigraphwidth=\skip131
\epigraphrule=\skip132
LaTeX Info: Redefining \em on input line 6932.
LaTeX Info: Redefining \emph on input line 6940.
 (/usr/share/texlive/texmf-dist/tex/latex/hyperref/nameref.sty
Package: nameref 2023-11-26 v2.56 Cross-referencing by name of section
 (/usr/share/texlive/texmf-dist/tex/latex/refcount/refcount.sty
Package: refcount 2019/12/15 v3.6 Data extraction from label references (HO)
 (/usr/share/texlive/texmf-dist/tex/generic/ltxcmds/ltxcmds.sty
Package: ltxcmds 2023-12-04 v1.26 LaTeX kernel commands for general use (HO)
) (/usr/share/texlive/texmf-dist/tex/generic/infwarerr/infwarerr.sty
Package: infwarerr 2019/12/03 v1.5 Providing info/warning/error messages (HO)
)) (/usr/share/texlive/texmf-dist/tex/generic/gettitlestring/gettitlestring.sty
Package: gettitlestring 2019/12/15 v1.6 Cleanup title references (HO)
 (/usr/share/texlive/texmf-dist/tex/latex/kvoptions/kvoptions.sty
Package: kvoptions 2022-06-15 v3.15 Key value format for package options (HO)
 (/usr/share/texlive/texmf-dist/tex/latex/graphics/keyval.sty
Package: keyval 2022/05/29 v1.15 key=value parser (DPC)
\KV@toks@=\toks21
) (/usr/share/texlive/texmf-dist/tex/latex/kvsetkeys/kvsetkeys.sty
Package: kvsetkeys 2022-10-05 v1.19 Key value parser (HO)
)))
\c@section@level=\count286
)
\tocentryskip=\skip133
\tocbaseline=\skip134
\cftparskip=\skip135
\cftbeforebookskip=\skip136
\cftbookindent=\dimen174
\cftbooknumwidth=\dimen175
\cftbeforepartskip=\skip137
\cftpartindent=\skip138
\cftpartnumwidth=\skip139
\cftbeforechapterskip=\skip140
\cftchapterindent=\skip141
\cftchapternumwidth=\skip142
\cftbeforesectionskip=\skip143
\cftsectionindent=\skip144
\cftsectionnumwidth=\skip145
\cftbeforesubsectionskip=\skip146
\cftsubsectionindent=\skip147
\cftsubsectionnumwidth=\skip148
\cftbeforesubsubsectionskip=\skip149
\cftsubsubsectionindent=\skip150
\cftsubsubsectionnumwidth=\skip151
\cftbeforeparagraphskip=\skip152
\cftparagraphindent=\skip153
\cftparagraphnumwidth=\skip154
\cftbeforesubparagraphskip=\skip155
\cftsubparagraphindent=\skip156
\cftsubparagraphnumwidth=\skip157
\prechapterprecisshift=\dimen176
\c@maxsecnumdepth=\count287
\bibindent=\dimen177
\bibitemsep=\skip158
\indexcolsep=\skip159
\indexrule=\skip160
\indexmarkstyle=\toks22
\@indexbox=\insert252
LaTeX Info: Redefining \raggedbottom on input line 7935.
LaTeX Info: Redefining \flushbottom on input line 7939.
\glossarycolsep=\dimen178
\glossaryrule=\dimen179
\sideparvshift=\skip161
\sideins=\insert251
\sidebartopsep=\skip162
\sidebarhsep=\skip163
\sidebarvsep=\skip164
\sidebarwidth=\skip165
\footmarkwidth=\skip166
\footmarksep=\skip167
\footparindent=\skip168
\footinsdim=\skip169
\footinsv@r=\insert250
\@mpfootinsv@r=\insert249
\m@m@k=\count288
\m@m@h=\dimen180
\m@mipn@skip=\skip170
\sidefootins=\insert248
\sidefootadjust=\skip171
\sidefootheight=\skip172
\sidefoothsep=\skip173
\sidefootvsep=\skip174
\sidefootwidth=\skip175
\m@mdownsf=\skip176
\c@sidefootnote=\count289
\sidefootmarkwidth=\skip177
\sidefootmarksep=\skip178
\sidefootparindent=\skip179
\c@pagenote=\count290
\c@pagenoteshadow=\count291
\mem@pn@lastkern=\skip180
 (/usr/share/texlive/texmf-dist/tex/latex/tools/verbatim.sty
Package: verbatim 2023-11-06 v1.5v LaTeX2e package for verbatim enhancements
\every@verbatim=\toks23
\verbatim@line=\toks24
\verbatim@in@stream=\read2
)
\verbatimindent=\skip181
\verbatim@out=\write3
 (/usr/share/texlive/texmf-dist/tex/latex/base/shortvrb.sty
Package: shortvrb 2022/11/13 v3.0m Standard LaTeX documentation package V3 (FMi)
)
\bvboxsep=\skip182
\c@memfbvline=\count292
\c@bvlinectr=\count293
\bvnumlength=\skip183
\fb@frw=\dimen181
\fb@frh=\dimen182
\FrameRule=\dimen183
\FrameSep=\dimen184
\c@cp@cntr=\count294
\c@ism@mctr=\count295
\c@xsm@mctr=\count296
\c@csm@mctr=\count297
\c@ksm@mctr=\count298
\c@xksm@mctr=\count299
\c@cksm@mctr=\count300
\c@msm@mctr=\count301
\c@xmsm@mctr=\count302
\c@cmsm@mctr=\count303
\c@bsm@mctr=\count304
\c@workm@mctr=\count305
\c@sheetsequence=\count306
\c@lastsheet=\count307
\c@lastpage=\count308
 (/usr/share/texlive/texmf-dist/tex/latex/textcase/textcase.sty
Package: textcase 2023/07/27 v1.04 Text only upper/lower case changing (DPC)
Package textcase Info: Defining Legacy names on input line 20.
)
\c@figure=\count309
\c@lofdepth=\count310
\cftbeforefigureskip=\skip184
\cftfigureindent=\skip185
\cftfigurenumwidth=\skip186
\c@table=\count311
\c@lotdepth=\count312
\cftbeforetableskip=\skip187
\cfttableindent=\skip188
\cfttablenumwidth=\skip189
Package abstract [2008/07/23] emulated by memoir.
Package appendix [2008/07/23] emulated by memoir.
Package ccaption [2008/07/23] emulated by memoir.
Package changepage [2008/07/23] emulated by memoir.
Package chngcntr [2008/07/23] emulated by memoir.
Package chngpage [2008/07/23] emulated by memoir.
Package crop emulated by memoir.
Package enumerate [2008/07/23] emulated by memoir.
Package epigraph [2008/07/23] emulated by memoir.
Package ifmtarg [2008/07/23] emulated by memoir.
Package index [2008/07/23] emulated by memoir.
Package makeidx [2008/07/23] emulated by memoir.
Package moreverb [2008/07/23] emulated by memoir.
Package needspace [2008/07/23] emulated by memoir.
Package newfile [2008/07/23] emulated by memoir.
Package nextpage [2008/07/23] emulated by memoir.
Package pagenote [2008/07/23] emulated by memoir.
Package parskip [2008/07/23] emulated by memoir.
Package patchcmd [2008/07/23] emulated by memoir.
Package setspace [2008/07/23] emulated by memoir.
Package shortvrb [2008/07/23] emulated by memoir.
Package showidx [2008/07/23] emulated by memoir.
Package titleref [2008/07/23] emulated by memoir.
Package titling [2008/07/23] emulated by memoir.
Package tocbibind [2008/07/23] emulated by memoir.
Package tocloft [2008/07/23] emulated by memoir.
Package tocvsec2 [2008/07/23] emulated by memoir.
Package verbatim [2008/07/23] emulated by memoir.
Package verse [2008/07/23] emulated by memoir.
) (/usr/share/texlive/texmf-dist/tex/latex/hyperref/hyperref.sty
Package: hyperref 2024-01-20 v7.01h Hypertext links for LaTeX
 (/usr/share/texlive/texmf-dist/tex/generic/kvdefinekeys/kvdefinekeys.sty
Package: kvdefinekeys 2019-12-19 v1.6 Define keys (HO)
) (/usr/share/texlive/texmf-dist/tex/generic/pdfescape/pdfescape.sty
Package: pdfescape 2019/12/09 v1.15 Implements pdfTeX's escape features (HO)
 (/usr/share/texlive/texmf-dist/tex/generic/pdftexcmds/pdftexcmds.sty
Package: pdftexcmds 2020-06-27 v0.33 Utility functions of pdfTeX for LuaTeX (HO)
Package pdftexcmds Info: \pdf@primitive is available.
Package pdftexcmds Info: \pdf@ifprimitive is available.
Package pdftexcmds Info: \pdfdraftmode found.
)) (/usr/share/texlive/texmf-dist/tex/latex/hycolor/hycolor.sty
Package: hycolor 2020-01-27 v1.10 Color options for hyperref/bookmark (HO)
) (/usr/share/texlive/texmf-dist/tex/latex/auxhook/auxhook.sty
Package: auxhook 2019-12-17 v1.6 Hooks for auxiliary files (HO)
)
\@linkdim=\dimen185
\Hy@linkcounter=\count313
\Hy@pagecounter=\count314
 (/usr/share/texlive/texmf-dist/tex/latex/hyperref/pd1enc.def
File: pd1enc.def 2024-01-20 v7.01h Hyperref: PDFDocEncoding definition (HO)
Now handling font encoding PD1 ...
... no UTF-8 mapping file for font encoding PD1
) (/usr/share/texlive/texmf-dist/tex/generic/intcalc/intcalc.sty
Package: intcalc 2019/12/15 v1.3 Expandable calculations with integers (HO)
)
\Hy@SavedSpaceFactor=\count315
 (/usr/share/texlive/texmf-dist/tex/latex/hyperref/puenc.def
File: puenc.def 2024-01-20 v7.01h Hyperref: PDF Unicode definition (HO)
Now handling font encoding PU ...
... no UTF-8 mapping file for font encoding PU
)
Package hyperref Info: Hyper figures OFF on input line 4179.
Package hyperref Info: Link nesting OFF on input line 4184.
Package hyperref Info: Hyper index ON on input line 4187.
Package hyperref Info: Plain pages OFF on input line 4194.
Package hyperref Info: Backreferencing OFF on input line 4199.
Package hyperref Info: Implicit mode ON; LaTeX internals redefined.
Package hyperref Info: Bookmarks ON on input line 4446.
\c@Hy@tempcnt=\count316
 (/usr/share/texlive/texmf-dist/tex/latex/url/url.sty
\Urlmuskip=\muskip16
Package: url 2013/09/16  ver 3.4  Verb mode for urls, etc.
)
LaTeX Info: Redefining \url on input line 4784.
\XeTeXLinkMargin=\dimen186
 (/usr/share/texlive/texmf-dist/tex/generic/bitset/bitset.sty
Package: bitset 2019/12/09 v1.3 Handle bit-vector datatype (HO)
 (/usr/share/texlive/texmf-dist/tex/generic/bigintcalc/bigintcalc.sty
Package: bigintcalc 2019/12/15 v1.5 Expandable calculations on big integers (HO)
))
\Fld@menulength=\count317
\Field@Width=\dimen187
\Fld@charsize=\dimen188
Package hyperref Info: Hyper figures OFF on input line 6063.
Package hyperref Info: Link nesting OFF on input line 6068.
Package hyperref Info: Hyper index ON on input line 6071.
Package hyperref Info: backreferencing OFF on input line 6078.
Package hyperref Info: Link coloring OFF on input line 6083.
Package hyperref Info: Link coloring with OCG OFF on input line 6088.
Package hyperref Info: PDF/A mode OFF on input line 6093.
 (/usr/share/texlive/texmf-dist/tex/latex/base/atbegshi-ltx.sty
Package: atbegshi-ltx 2021/01/10 v1.0c Emulation of the original atbegshi
package with kernel methods
)
\Hy@abspage=\count318
\c@Item=\count319
\c@Hfootnote=\count320
)
Package hyperref Info: Driver (autodetected): hpdftex.
 (/usr/share/texlive/texmf-dist/tex/latex/hyperref/hpdftex.def
File: hpdftex.def 2024-01-20 v7.01h Hyperref driver for pdfTeX
 (/usr/share/texlive/texmf-dist/tex/latex/base/atveryend-ltx.sty
Package: atveryend-ltx 2020/08/19 v1.0a Emulation of the original atveryend package
with kernel methods
)
\Fld@listcount=\count321
\c@bookmark@seq@number=\count322
 (/usr/share/texlive/texmf-dist/tex/latex/rerunfilecheck/rerunfilecheck.sty
Package: rerunfilecheck 2022-07-10 v1.10 Rerun checks for auxiliary files (HO)
 (/usr/share/texlive/texmf-dist/tex/generic/uniquecounter/uniquecounter.sty
Package: uniquecounter 2019/12/15 v1.4 Provide unlimited unique counter (HO)
)
Package uniquecounter Info: New unique counter `rerunfilecheck' on input line 285.
)
\Hy@SectionHShift=\skip190
) (/usr/share/texlive/texmf-dist/tex/latex/memoir/memhfixc.sty
Package: memhfixc 2023/09/10 v1.22 hyperref package fixes for memoir class
\c@memhycontfloat=\count323
\c@Hpagenote=\count324
) (/usr/share/texlive/texmf-dist/tex/latex/bookmark/bookmark.sty
Package: bookmark 2023-12-10 v1.31 PDF bookmarks (HO)
 (/usr/share/texlive/texmf-dist/tex/latex/bookmark/bkm-pdftex.def
File: bkm-pdftex.def 2023-12-10 v1.31 bookmark driver for pdfTeX and luaTeX (HO)
\BKM@id=\count325
)) (/usr/share/texlive/texmf-dist/tex/generic/babel/babel.sty
Package: babel 2024/01/07 v24.1 The Babel package
\babel@savecnt=\count326
\U@D=\dimen189
\l@unhyphenated=\language6
 (/usr/share/texlive/texmf-dist/tex/generic/babel/txtbabel.def)
\bbl@readstream=\read3
\bbl@dirlevel=\count327
 (/usr/share/texlive/texmf-dist/tex/generic/babel-portuges/brazil.ldf
Language: portuges 2021/07/09 v1.2t Portuguese support from the babel system
Package babel Info: Hyphen rules for 'brazil' set to \l@portuguese
(babel)             (\language5). Reported on input line 111.
Package babel Info: Making " an active character on input line 143.
)) (/usr/share/texlive/texmf-dist/tex/latex/enumitem/enumitem.sty
Package: enumitem 2019/06/20 v3.9 Customized lists
\labelindent=\skip191
\enit@outerparindent=\dimen190
\enit@toks=\toks25
\enit@inbox=\box57
\enit@count@id=\count328
\enitdp@description=\count329
) (/usr/share/texlive/texmf-dist/tex/latex/tools/calc.sty
Package: calc 2023/07/08 v4.3 Infix arithmetic (KKT,FJ)
\calc@Acount=\count330
\calc@Bcount=\count331
\calc@Adimen=\dimen191
\calc@Bdimen=\dimen192
\calc@Askip=\skip192
\calc@Bskip=\skip193
LaTeX Info: Redefining \setlength on input line 80.
LaTeX Info: Redefining \addtolength on input line 81.
\calc@Ccount=\count332
\calc@Cskip=\skip194
)

******************************************************
Stock height and width: 845.04684pt by 597.50787pt
Top and edge trims: 0pt and 0pt
Page height and width: 845.04684pt by 597.50787pt
Text height and width: 708pt by 455pt
Spine and edge margins: 85.35826pt and 56.9055pt
Upper and lower margins: 85.35826pt and 51.68858pt
Headheight and headsep: 14.5pt and 19.8738pt
Footskip: 30pt
Columnsep and columnseprule: 10pt and 0pt
Marginparsep and marginparwidth: 7pt and 42.9055pt
Sidecapsep and sidecapwidth: 7pt and 42pt
Sidebarhsep and sidebarwidth: 7pt and 42pt
Sidebarvsep and sidebartopsep: 14.5pt and 0pt
Sidebarheight: 590.14995pt
Sidefoothsep and sidefootwidth: 7pt and 42pt
Sidefootvsep and sidefootheight: 14.5pt and 590.14995pt
******************************************************

\c@abntex@bookmarkcounter=\count333
\cftlastnumwidth=\skip195
\chapternamenumlength=\skip196
\ABNTEXcitacaorecuo=\skip197
\c@alineasi=\count334
\c@alineasii=\count335
\enitdp@alineas=\count336
\c@subalineasi=\count337
\enitdp@subalineas=\count338
\c@incisosi=\count339
\enitdp@incisos=\count340
\ABNTEXsignwidth=\skip198
\ABNTEXsignthickness=\skip199
\ABNTEXsignskip=\skip256
)
\c@quadro=\count341
\c@loqdepth=\count342
\cftbeforequadroskip=\skip257
\cftquadroindent=\skip258
\cftquadronumwidth=\skip259
 (/usr/share/texlive/texmf-dist/tex/latex/base/inputenc.sty
Package: inputenc 2021/02/14 v1.3d Input encoding file
\inpenc@prehook=\toks26
\inpenc@posthook=\toks27
) (/usr/share/texlive/texmf-dist/tex/latex/base/fontenc.sty
Package: fontenc 2021/04/29 v2.0v Standard LaTeX package
) (/usr/share/texlive/texmf-dist/tex/latex/graphics/graphicx.sty
Package: graphicx 2021/09/16 v1.2d Enhanced LaTeX Graphics (DPC,SPQR)
 (/usr/share/texlive/texmf-dist/tex/latex/graphics/graphics.sty
Package: graphics 2022/03/10 v1.4e Standard LaTeX Graphics (DPC,SPQR)
 (/usr/share/texlive/texmf-dist/tex/latex/graphics/trig.sty
Package: trig 2021/08/11 v1.11 sin cos tan (DPC)
) (/usr/share/texlive/texmf-dist/tex/latex/graphics-cfg/graphics.cfg
File: graphics.cfg 2016/06/04 v1.11 sample graphics configuration
)
Package graphics Info: Driver file: pdftex.def on input line 107.
 (/usr/share/texlive/texmf-dist/tex/latex/graphics-def/pdftex.def
File: pdftex.def 2022/09/22 v1.2b Graphics/color driver for pdftex
))
\Gin@req@height=\dimen193
\Gin@req@width=\dimen194
) (/usr/share/texlive/texmf-dist/tex/latex/float/float.sty
Package: float 2001/11/08 v1.3d Float enhancements (AL)
\c@float@type=\count343
\float@exts=\toks28
\float@box=\box58
\@float@everytoks=\toks29
\@floatcapt=\box59
) (/usr/share/texlive/texmf-dist/tex/latex/amsfonts/amsfonts.sty
Package: amsfonts 2013/01/14 v3.01 Basic AMSFonts support
\@emptytoks=\toks30
\symAMSa=\mathgroup4
\symAMSb=\mathgroup5
LaTeX Font Info:    Redeclaring math symbol \hbar on input line 98.
LaTeX Font Info:    Overwriting math alphabet `\mathfrak' in version `bold'
(Font)                  U/euf/m/n --> U/euf/b/n on input line 106.
) (/usr/share/texlive/texmf-dist/tex/latex/amsfonts/amssymb.sty
Package: amssymb 2013/01/14 v3.01 AMS font symbols
) (/usr/share/texlive/texmf-dist/tex/latex/amsmath/amsmath.sty
Package: amsmath 2023/05/13 v2.17o AMS math features
\@mathmargin=\skip260

For additional information on amsmath, use the `?' option.
(/usr/share/texlive/texmf-dist/tex/latex/amsmath/amstext.sty
Package: amstext 2021/08/26 v2.01 AMS text
 (/usr/share/texlive/texmf-dist/tex/latex/amsmath/amsgen.sty
File: amsgen.sty 1999/11/30 v2.0 generic functions
\@emptytoks=\toks31
\ex@=\dimen195
)) (/usr/share/texlive/texmf-dist/tex/latex/amsmath/amsbsy.sty
Package: amsbsy 1999/11/29 v1.2d Bold Symbols
\pmbraise@=\dimen196
) (/usr/share/texlive/texmf-dist/tex/latex/amsmath/amsopn.sty
Package: amsopn 2022/04/08 v2.04 operator names
)
\inf@bad=\count344
LaTeX Info: Redefining \frac on input line 234.
\uproot@=\count345
\leftroot@=\count346
LaTeX Info: Redefining \overline on input line 399.
LaTeX Info: Redefining \colon on input line 410.
\classnum@=\count347
\DOTSCASE@=\count348
LaTeX Info: Redefining \ldots on input line 496.
LaTeX Info: Redefining \dots on input line 499.
LaTeX Info: Redefining \cdots on input line 620.
\Mathstrutbox@=\box60
\strutbox@=\box61
LaTeX Info: Redefining \big on input line 722.
LaTeX Info: Redefining \Big on input line 723.
LaTeX Info: Redefining \bigg on input line 724.
LaTeX Info: Redefining \Bigg on input line 725.
\big@size=\dimen197
LaTeX Font Info:    Redeclaring font encoding OML on input line 743.
LaTeX Font Info:    Redeclaring font encoding OMS on input line 744.
\macc@depth=\count349
LaTeX Info: Redefining \bmod on input line 905.
LaTeX Info: Redefining \pmod on input line 910.
LaTeX Info: Redefining \smash on input line 940.
LaTeX Info: Redefining \relbar on input line 970.
LaTeX Info: Redefining \Relbar on input line 971.
\c@MaxMatrixCols=\count350
\dotsspace@=\muskip17
\c@parentequation=\count351
\dspbrk@lvl=\count352
\tag@help=\toks32
\row@=\count353
\column@=\count354
\maxfields@=\count355
\andhelp@=\toks33
\eqnshift@=\dimen198
\alignsep@=\dimen199
\tagshift@=\dimen256
\tagwidth@=\dimen257
\totwidth@=\dimen258
\lineht@=\dimen259
\@envbody=\toks34
\multlinegap=\skip261
\multlinetaggap=\skip262
\mathdisplay@stack=\toks35
LaTeX Info: Redefining \[ on input line 2953.
LaTeX Info: Redefining \] on input line 2954.
) (/usr/share/texlive/texmf-dist/tex/latex/cancel/cancel.sty
Package: cancel 2013/04/12 v2.2 Cancel math terms
) (/usr/share/texlive/texmf-dist/tex/latex/lastpage/lastpage.sty
Package: lastpage 2023/10/14 v2.0e lastpage: 2.09 or 2e? (HMM)
 (/usr/share/texlive/texmf-dist/tex/latex/lastpage/lastpage2e.sty
Package: lastpage2e 2023/10/14 v2.0e Decide which 2e lastpage version to use (HMM)
 (/usr/share/texlive/texmf-dist/tex/latex/lastpage/lastpagemodern.sty
Package: lastpagemodern 2023-10-14 v2.0e Refers to last page's name (HMM; JPG)
\c@lastpagecount=\count356
) 
)) (/usr/share/texlive/texmf-dist/tex/latex/multirow/multirow.sty
Package: multirow 2021/03/15 v2.8 Span multiple rows of a table
\multirow@colwidth=\skip263
\multirow@cntb=\count357
\multirow@dima=\skip264
\bigstrutjot=\dimen260
) (/usr/share/texlive/texmf-dist/tex/latex/tools/indentfirst.sty
Package: indentfirst 2023/07/02 v1.03 Indent first paragraph (DPC)
) (/home/dinisrosa22/texmf/tex/latex/algorithm2e/algorithm2e.sty
Package: algorithm2e 2017/07/18 v5.2 algorithms environments
\c@AlgoLine=\count358
\algocf@hangindent=\skip265
 (/usr/share/texlive/texmf-dist/tex/latex/ifoddpage/ifoddpage.sty
Package: ifoddpage 2022/10/18 v1.2 Conditionals for odd/even page detection
\c@checkoddpage=\count359
LaTeX Info: Redefining \checkoddpage on input line 45.
) (/usr/share/texlive/texmf-dist/tex/latex/tools/xspace.sty
Package: xspace 2014/10/28 v1.13 Space after command names (DPC,MH)
) (/usr/share/texlive/texmf-dist/tex/latex/relsize/relsize.sty
Package: relsize 2013/03/29 ver 4.1
)
\skiptotal=\skip266
\skiplinenumber=\skip267
\skiprule=\skip268
\skiphlne=\skip269
\skiptext=\skip270
\skiplength=\skip271
\algomargin=\skip272
\skipalgocfslide=\skip273
\algowidth=\dimen261
\inoutsize=\dimen262
\inoutindent=\dimen263
\interspacetitleruled=\dimen264
\interspacealgoruled=\dimen265
\interspacetitleboxruled=\dimen266
\algocf@ruledwidth=\skip274
\algocf@inoutbox=\box62
\algocf@inputbox=\box63
\AlCapSkip=\skip275
\AlCapHSkip=\skip276
\algoskipindent=\skip277
\algocf@nlbox=\box64
\algocf@hangingbox=\box65
\algocf@untilbox=\box66
\algocf@skipuntil=\skip278
\algocf@capbox=\box67
\algocf@lcaptionbox=\skip279
\algoheightruledefault=\skip280
\algoheightrule=\skip281
\algotitleheightruledefault=\skip282
\algotitleheightrule=\skip283
\c@algocfline=\count360
\c@algocfproc=\count361
\c@algocf=\count362
\algocf@algoframe=\box68
\algocf@algobox=\box69
) (/usr/share/texlive/texmf-dist/tex/latex/tools/multicol.sty
Package: multicol 2023/03/30 v1.9f multicolumn formatting (FMi)
\c@tracingmulticols=\count363
\mult@box=\box70
\multicol@leftmargin=\dimen267
\c@unbalance=\count364
\c@collectmore=\count365
\doublecol@number=\count366
\multicoltolerance=\count367
\multicolpretolerance=\count368
\full@width=\dimen268
\page@free=\dimen269
\premulticols=\dimen270
\postmulticols=\dimen271
\multicolsep=\skip284
\multicolbaselineskip=\skip285
\partial@page=\box71
\last@line=\box72
\mc@boxedresult=\box73
\maxbalancingoverflow=\dimen272
\mult@rightbox=\box74
\mult@grightbox=\box75
\mult@firstbox=\box76
\mult@gfirstbox=\box77
\@tempa=\box78
\@tempa=\box79
\@tempa=\box80
\@tempa=\box81
\@tempa=\box82
\@tempa=\box83
\@tempa=\box84
\@tempa=\box85
\@tempa=\box86
\@tempa=\box87
\@tempa=\box88
\@tempa=\box89
\@tempa=\box90
\@tempa=\box91
\@tempa=\box92
\@tempa=\box93
\@tempa=\box94
\@tempa=\box95
\@tempa=\box96
\@tempa=\box97
\@tempa=\box98
\@tempa=\box99
\@tempa=\box100
\@tempa=\box101
\@tempa=\box102
\@tempa=\box103
\@tempa=\box104
\@tempa=\box105
\@tempa=\box106
\@tempa=\box107
\@tempa=\box108
\@tempa=\box109
\@tempa=\box110
\@tempa=\box111
\@tempa=\box112
\@tempa=\box113
\c@minrows=\count369
\c@columnbadness=\count370
\c@finalcolumnbadness=\count371
\last@try=\dimen273
\multicolovershoot=\dimen274
\multicolundershoot=\dimen275
\mult@nat@firstbox=\box114
\colbreak@box=\box115
\mc@col@check@num=\count372
) (/usr/share/texlive/texmf-dist/tex/latex/xcolor/xcolor.sty
Package: xcolor 2023/11/15 v3.01 LaTeX color extensions (UK)
 (/usr/share/texlive/texmf-dist/tex/latex/graphics-cfg/color.cfg
File: color.cfg 2016/01/02 v1.6 sample color configuration
)
Package xcolor Info: Driver file: pdftex.def on input line 274.
 (/usr/share/texlive/texmf-dist/tex/latex/graphics/mathcolor.ltx)
Package xcolor Info: Model `cmy' substituted by `cmy0' on input line 1350.
Package xcolor Info: Model `hsb' substituted by `rgb' on input line 1354.
Package xcolor Info: Model `RGB' extended on input line 1366.
Package xcolor Info: Model `HTML' substituted by `rgb' on input line 1368.
Package xcolor Info: Model `Hsb' substituted by `hsb' on input line 1369.
Package xcolor Info: Model `tHsb' substituted by `hsb' on input line 1370.
Package xcolor Info: Model `HSB' substituted by `hsb' on input line 1371.
Package xcolor Info: Model `Gray' substituted by `gray' on input line 1372.
Package xcolor Info: Model `wave' substituted by `hsb' on input line 1373.
) (/usr/share/texlive/texmf-dist/tex/latex/colortbl/colortbl.sty
Package: colortbl 2022/06/20 v1.0f Color table columns (DPC)
\everycr=\toks36
\minrowclearance=\skip286
\rownum=\count373
) (/usr/share/texlive/texmf-dist/tex/latex/caption/caption.sty
Package: caption 2023/08/05 v3.6o Customizing captions (AR)
 (/usr/share/texlive/texmf-dist/tex/latex/caption/caption3.sty
Package: caption3 2023/07/31 v2.4d caption3 kernel (AR)
\caption@tempdima=\dimen276
\captionmargin=\dimen277
\caption@leftmargin=\dimen278
\caption@rightmargin=\dimen279
\caption@width=\dimen280
\caption@indent=\dimen281
\caption@parindent=\dimen282
\caption@hangindent=\dimen283
Package caption Info: memoir document class detected.
 (/usr/share/texlive/texmf-dist/tex/latex/caption/caption-memoir.sto
File: caption-memoir.sto 2023/09/08 v2.2c Adaption of the caption package to the memoir document class (AR)
))
\c@caption@flags=\count374
\c@continuedfloat=\count375
Package caption Info: changepage package is loaded.
\caption@adjustwidth@hsize=\dimen284
\caption@adjustwidth@linewidth=\dimen285
Package caption Info: float package is loaded.
Package caption Info: hyperref package is loaded.
) (/usr/share/texlive/texmf-dist/tex/latex/caption/subcaption.sty
Package: subcaption 2023/07/28 v1.6b Sub-captions (AR)
Package caption Info: New subtype `subfigure' on input line 238.
\c@subfigure=\count376
Package caption Info: New subtype `subtable' on input line 238.
\c@subtable=\count377
) (/usr/share/texlive/texmf-dist/tex/latex/pdfpages/pdfpages.sty
Package: pdfpages 2024/01/21 v0.5y Insert pages of external PDF documents (AM)
 (/usr/share/texlive/texmf-dist/tex/latex/eso-pic/eso-pic.sty
Package: eso-pic 2023/05/03 v3.0c eso-pic (RN)
\ESO@tempdima=\dimen286
\ESO@tempdimb=\dimen287
)
\AM@pagewidth=\dimen288
\AM@pageheight=\dimen289
\AM@fboxrule=\dimen290
 (/usr/share/texlive/texmf-dist/tex/latex/pdfpages/pppdftex.def
File: pppdftex.def 2024/01/21 v0.5y Pdfpages driver for pdfTeX (AM)
)
\pdfpages@includegraphics@status=\count378
\AM@pagebox=\box116
\AM@global@opts=\toks37
\AM@pagecnt=\count379
\AM@toc@title=\toks38
\AM@lof@heading=\toks39
\c@AM@survey=\count380
\AM@templatesizebox=\box117
) (/usr/share/texlive/texmf-dist/tex/latex/pdflscape/pdflscape.sty
Package: pdflscape 2022-10-27 v0.13 Display of landscape pages in PDF
 (/usr/share/texlive/texmf-dist/tex/latex/pdflscape/pdflscape-nometadata.sty
Package: pdflscape-nometadata 2022-10-28 v0.13 Display of landscape pages in PDF (HO)
 (/usr/share/texlive/texmf-dist/tex/latex/graphics/lscape.sty
Package: lscape 2020/05/28 v3.02 Landscape Pages (DPC)
)
Package pdflscape Info: Auto-detected driver: pdftex on input line 81.
)) (/usr/share/texlive/texmf-dist/tex/latex/nomencl/nomencl.sty
Package: nomencl 2021/11/10 v5.6 Nomenclature package
 (/usr/share/texlive/texmf-dist/tex/latex/xkeyval/xkeyval.sty
Package: xkeyval 2022/06/16 v2.9 package option processing (HA)
 (/usr/share/texlive/texmf-dist/tex/generic/xkeyval/xkeyval.tex (/usr/share/texlive/texmf-dist/tex/generic/xkeyval/xkvutils.tex
\XKV@toks=\toks40
\XKV@tempa@toks=\toks41
)
\XKV@depth=\count381
File: xkeyval.tex 2014/12/03 v2.7a key=value parser (HA)
)) (/usr/share/texlive/texmf-dist/tex/latex/koma-script/tocbasic.sty
Package: tocbasic 2023/07/07 v3.41 KOMA-Script package (handling toc-files)
 (/usr/share/texlive/texmf-dist/tex/latex/koma-script/scrbase.sty
Package: scrbase 2023/07/07 v3.41 KOMA-Script package (KOMA-Script-independent basics and keyval usage)
 (/usr/share/texlive/texmf-dist/tex/latex/koma-script/scrlfile.sty
Package: scrlfile 2023/07/07 v3.41 KOMA-Script package (file load hooks)
 (/usr/share/texlive/texmf-dist/tex/latex/koma-script/scrlfile-hook.sty
Package: scrlfile-hook 2023/07/07 v3.41 KOMA-Script package (using LaTeX hooks)
 (/usr/share/texlive/texmf-dist/tex/latex/koma-script/scrlogo.sty
Package: scrlogo 2023/07/07 v3.41 KOMA-Script package (logo)
)))
Applying: [2021/05/01] Usage of raw or classic option list on input line 252.
Already applied: [0000/00/00] Usage of raw or classic option list on input line 368.
)
\scr@dte@tocline@numberwidth=\skip287
\scr@dte@tocline@numbox=\box118
)
Package tocbasic Info: setting babel extension for `nlo' on input line 187.
Package tocbasic Info: setting babel extension for `nls' on input line 188.
\nomlabelwidth=\dimen291
\nom@tempdim=\dimen292
\nomitemsep=\skip288
)
Package hyperref Info: Option `breaklinks' set `true' on input line 309.
\@nomenclaturefile=\write4
\openout4 = `main.nlo'.

Package nomencl Info: Writing nomenclature file main.nlo on input line 324.
) (/usr/share/texlive/texmf-dist/tex/latex/listings/listings.sty
\lst@mode=\count382
\lst@gtempboxa=\box119
\lst@token=\toks42
\lst@length=\count383
\lst@currlwidth=\dimen293
\lst@column=\count384
\lst@pos=\count385
\lst@lostspace=\dimen294
\lst@width=\dimen295
\lst@newlines=\count386
\lst@lineno=\count387
\lst@maxwidth=\dimen296
 (/usr/share/texlive/texmf-dist/tex/latex/listings/lstmisc.sty
File: lstmisc.sty 2023/02/27 1.9 (Carsten Heinz)
\c@lstnumber=\count388
\lst@skipnumbers=\count389
\lst@framebox=\box120
) (/usr/share/texlive/texmf-dist/tex/latex/listings/listings.cfg
File: listings.cfg 2023/02/27 1.9 listings configuration
))
Package: listings 2023/02/27 1.9 (Carsten Heinz)
 (/usr/share/texlive/texmf-dist/tex/latex/titlesec/titlesec.sty
Package: titlesec 2023/10/27 v2.16 Sectioning titles
\ttl@box=\box121
\beforetitleunit=\skip289
\aftertitleunit=\skip290
\ttl@plus=\dimen297
\ttl@minus=\dimen298
\ttl@toksa=\toks43
\titlewidth=\dimen299
\titlewidthlast=\dimen300
\titlewidthfirst=\dimen301
) (/usr/share/texlive/texmf-dist/tex/latex/tools/longtable.sty
Package: longtable 2023-11-01 v4.19 Multi-page Table package (DPC)
\LTleft=\skip291
\LTright=\skip292
\LTpre=\skip293
\LTpost=\skip294
\LTchunksize=\count390
\LTcapwidth=\dimen302
\LT@head=\box122
\LT@firsthead=\box123
\LT@foot=\box124
\LT@lastfoot=\box125
\LT@gbox=\box126
\LT@cols=\count391
\LT@rows=\count392
\c@LT@tables=\count393
\c@LT@chunks=\count394
\LT@p@ftn=\toks44
) (/home/dinisrosa22/texmf/tex/latex/biblatex/biblatex.sty
Package: biblatex 2023/03/05 v3.19 programmable bibliographies (PK/MW)
 (/home/dinisrosa22/texmf/tex/latex/logreq/logreq.sty
Package: logreq 2010/08/04 v1.0 xml request logger
\lrq@indent=\count395
 (/home/dinisrosa22/texmf/tex/latex/logreq/logreq.def
File: logreq.def 2010/08/04 v1.0 logreq spec v1.0
))
\c@tabx@nest=\count396
\c@listtotal=\count397
\c@listcount=\count398
\c@liststart=\count399
\c@liststop=\count400
\c@citecount=\count401
\c@citetotal=\count402
\c@multicitecount=\count403
\c@multicitetotal=\count404
\c@instcount=\count405
\c@maxnames=\count406
\c@minnames=\count407
\c@maxitems=\count408
\c@minitems=\count409
\c@citecounter=\count410
\c@maxcitecounter=\count411
\c@savedcitecounter=\count412
\c@uniquelist=\count413
\c@uniquename=\count414
\c@refsection=\count415
\c@refsegment=\count416
\c@maxextratitle=\count417
\c@maxextratitleyear=\count418
\c@maxextraname=\count419
\c@maxextradate=\count420
\c@maxextraalpha=\count421
\c@abbrvpenalty=\count422
\c@highnamepenalty=\count423
\c@lownamepenalty=\count424
\c@maxparens=\count425
\c@parenlevel=\count426
\blx@tempcnta=\count427
\blx@tempcntb=\count428
\blx@tempcntc=\count429
\c@blx@maxsection=\count430
\blx@maxsegment@0=\count431
\blx@notetype=\count432
\blx@parenlevel@text=\count433
\blx@parenlevel@foot=\count434
\blx@sectionciteorder@0=\count435
\blx@sectionciteorderinternal@0=\count436
\blx@entrysetcounter=\count437
\blx@biblioinstance=\count438
\labelnumberwidth=\skip295
\labelalphawidth=\skip296
\biblabelsep=\skip297
\bibnamesep=\skip298
\bibinitsep=\skip299
\bibparsep=\skip300
\bibhang=\skip301
\blx@bcfin=\read4
\blx@bcfout=\write5
\blx@langwohyphens=\language7
\c@mincomprange=\count439
\c@maxcomprange=\count440
\c@mincompwidth=\count441
Package biblatex Info: Trying to load biblatex default data model...
Package biblatex Info: ... file 'blx-dm.def' found.
 (/home/dinisrosa22/texmf/tex/latex/biblatex/blx-dm.def
File: blx-dm.def 2023/03/05 v3.19 biblatex localization (PK/MW)
)
Package biblatex Info: Trying to load biblatex style data model...
Package biblatex Info: ... file 'numeric.dbx' not found.
Package biblatex Info: Trying to load biblatex custom data model...
Package biblatex Info: ... file 'biblatex-dm.cfg' not found.
\c@afterword=\count442
\c@savedafterword=\count443
\c@annotator=\count444
\c@savedannotator=\count445
\c@author=\count446
\c@savedauthor=\count447
\c@bookauthor=\count448
\c@savedbookauthor=\count449
\c@commentator=\count450
\c@savedcommentator=\count451
\c@editor=\count452
\c@savededitor=\count453
\c@editora=\count454
\c@savededitora=\count455
\c@editorb=\count456
\c@savededitorb=\count457
\c@editorc=\count458
\c@savededitorc=\count459
\c@foreword=\count460
\c@savedforeword=\count461
\c@holder=\count462
\c@savedholder=\count463
\c@introduction=\count464
\c@savedintroduction=\count465
\c@namea=\count466
\c@savednamea=\count467
\c@nameb=\count468
\c@savednameb=\count469
\c@namec=\count470
\c@savednamec=\count471
\c@translator=\count472
\c@savedtranslator=\count473
\c@shortauthor=\count474
\c@savedshortauthor=\count475
\c@shorteditor=\count476
\c@savedshorteditor=\count477
\c@labelname=\count478
\c@savedlabelname=\count479
\c@institution=\count480
\c@savedinstitution=\count481
\c@lista=\count482
\c@savedlista=\count483
\c@listb=\count484
\c@savedlistb=\count485
\c@listc=\count486
\c@savedlistc=\count487
\c@listd=\count488
\c@savedlistd=\count489
\c@liste=\count490
\c@savedliste=\count491
\c@listf=\count492
\c@savedlistf=\count493
\c@location=\count494
\c@savedlocation=\count495
\c@organization=\count496
\c@savedorganization=\count497
\c@origlocation=\count498
\c@savedoriglocation=\count499
\c@origpublisher=\count500
\c@savedorigpublisher=\count501
\c@publisher=\count502
\c@savedpublisher=\count503
\c@language=\count504
\c@savedlanguage=\count505
\c@origlanguage=\count506
\c@savedoriglanguage=\count507
\c@pageref=\count508
\c@savedpageref=\count509
\shorthandwidth=\skip302
\shortjournalwidth=\skip303
\shortserieswidth=\skip304
\shorttitlewidth=\skip305
\shortauthorwidth=\skip306
\shorteditorwidth=\skip307
\locallabelnumberwidth=\skip308
\locallabelalphawidth=\skip309
\localshorthandwidth=\skip310
\localshortjournalwidth=\skip311
\localshortserieswidth=\skip312
\localshorttitlewidth=\skip313
\localshortauthorwidth=\skip314
\localshorteditorwidth=\skip315
Package biblatex Info: Trying to load compatibility code...
Package biblatex Info: ... file 'blx-compat.def' found.
 (/home/dinisrosa22/texmf/tex/latex/biblatex/blx-compat.def
File: blx-compat.def 2023/03/05 v3.19 biblatex compatibility (PK/MW)
)
Package biblatex Info: Trying to load generic definitions...
Package biblatex Info: ... file 'biblatex.def' found.
 (/home/dinisrosa22/texmf/tex/latex/biblatex/biblatex.def
File: biblatex.def 2023/03/05 v3.19 biblatex compatibility (PK/MW)
\c@textcitecount=\count510
\c@textcitetotal=\count511
\c@textcitemaxnames=\count512
\c@biburlbigbreakpenalty=\count513
\c@biburlbreakpenalty=\count514
\c@biburlnumpenalty=\count515
\c@biburlucpenalty=\count516
\c@biburllcpenalty=\count517
\biburlbigskip=\muskip18
\biburlnumskip=\muskip19
\biburlucskip=\muskip20
\biburllcskip=\muskip21
\c@smartand=\count518
)
Package biblatex Info: Trying to load bibliography style 'numeric'...
Package biblatex Info: ... file 'numeric.bbx' found.
 (/home/dinisrosa22/texmf/tex/latex/biblatex/bbx/numeric.bbx
File: numeric.bbx 2023/03/05 v3.19 biblatex bibliography style (PK/MW)
Package biblatex Info: Trying to load bibliography style 'standard'...
Package biblatex Info: ... file 'standard.bbx' found.
 (/home/dinisrosa22/texmf/tex/latex/biblatex/bbx/standard.bbx
File: standard.bbx 2023/03/05 v3.19 biblatex bibliography style (PK/MW)
\c@bbx:relatedcount=\count519
\c@bbx:relatedtotal=\count520
))
Package biblatex Info: Trying to load citation style 'numeric'...
Package biblatex Info: ... file 'numeric.cbx' found.
 (/home/dinisrosa22/texmf/tex/latex/biblatex/cbx/numeric.cbx
File: numeric.cbx 2023/03/05 v3.19 biblatex citation style (PK/MW)
Package biblatex Info: Redefining '\cite'.
Package biblatex Info: Redefining '\parencite'.
Package biblatex Info: Redefining '\footcite'.
Package biblatex Info: Redefining '\footcitetext'.
Package biblatex Info: Redefining '\smartcite'.
Package biblatex Info: Redefining '\supercite'.
Package biblatex Info: Redefining '\textcite'.
Package biblatex Info: Redefining '\textcites'.
Package biblatex Info: Redefining '\cites'.
Package biblatex Info: Redefining '\parencites'.
Package biblatex Info: Redefining '\smartcites'.
)
Package biblatex Info: Trying to load configuration file...
Package biblatex Info: ... file 'biblatex.cfg' found.
 (/home/dinisrosa22/texmf/tex/latex/biblatex/biblatex.cfg
File: biblatex.cfg 
)
Package biblatex Info: Input encoding 'utf8' detected.
Package biblatex Info: Document encoding is UTF8 ....
Package biblatex Info: ... and expl3
(biblatex)             2024-01-22 L3 programming layer (loader) 
(biblatex)             is new enough (at least 2020/04/06),
(biblatex)             setting 'casechanger=expl3'.
 (/home/dinisrosa22/texmf/tex/latex/biblatex/blx-case-expl3.sty
Package: blx-case-expl3 2023/03/05 v3.19 expl3 case changing code for biblatex
)) (./01/capa.tex)

Package biblatex Warning: 'babel/polyglossia' detected but 'csquotes' missing.
(biblatex)                Loading 'csquotes' recommended.

\@quotelevel=\count521
\@quotereset=\count522
(./main.aux)
\openout1 = `main.aux'.

LaTeX Font Info:    Checking defaults for OML/cmm/m/it on input line 63.
LaTeX Font Info:    ... okay on input line 63.
LaTeX Font Info:    Checking defaults for OMS/cmsy/m/n on input line 63.
LaTeX Font Info:    ... okay on input line 63.
LaTeX Font Info:    Checking defaults for OT1/cmr/m/n on input line 63.
LaTeX Font Info:    ... okay on input line 63.
LaTeX Font Info:    Checking defaults for T1/cmr/m/n on input line 63.
LaTeX Font Info:    ... okay on input line 63.
LaTeX Font Info:    Checking defaults for TS1/cmr/m/n on input line 63.
LaTeX Font Info:    ... okay on input line 63.
LaTeX Font Info:    Checking defaults for OMX/cmex/m/n on input line 63.
LaTeX Font Info:    ... okay on input line 63.
LaTeX Font Info:    Checking defaults for U/cmr/m/n on input line 63.
LaTeX Font Info:    ... okay on input line 63.
LaTeX Font Info:    Checking defaults for PD1/pdf/m/n on input line 63.
LaTeX Font Info:    ... okay on input line 63.
LaTeX Font Info:    Checking defaults for PU/pdf/m/n on input line 63.
LaTeX Font Info:    ... okay on input line 63.
Package hyperref Info: Link coloring OFF on input line 63.
\myptabbox=\box127
\myptabboxwidth=\skip316
 (/usr/share/texlive/texmf-dist/tex/context/base/mkii/supp-pdf.mkii
[Loading MPS to PDF converter (version 2006.09.02).]
\scratchcounter=\count523
\scratchdimen=\dimen303
\scratchbox=\box128
\nofMPsegments=\count524
\nofMParguments=\count525
\everyMPshowfont=\toks45
\MPscratchCnt=\count526
\MPscratchDim=\dimen304
\MPnumerator=\count527
\makeMPintoPDFobject=\count528
\everyMPtoPDFconversion=\toks46
) (/usr/share/texlive/texmf-dist/tex/latex/epstopdf-pkg/epstopdf-base.sty
Package: epstopdf-base 2020-01-24 v2.11 Base part for package epstopdf
Package epstopdf-base Info: Redefining graphics rule for `.eps' on input line 485.
 (/usr/share/texlive/texmf-dist/tex/latex/latexconfig/epstopdf-sys.cfg
File: epstopdf-sys.cfg 2010/07/13 v1.3 Configuration of (r)epstopdf for TeX Live
))
Package caption Info: Begin \AtBeginDocument code.
Package caption Info: listings package is loaded.
Package caption Info: longtable package is loaded.
 (/usr/share/texlive/texmf-dist/tex/latex/caption/ltcaption.sty
Package: ltcaption 2021/01/08 v1.4c longtable captions (AR)
)
Package caption Info: End \AtBeginDocument code.
\c@lstlisting=\count529
Package biblatex Info: Trying to load language 'brazil'...
Package biblatex Info: ... file 'brazil.lbx' found.
 (/home/dinisrosa22/texmf/tex/latex/biblatex/lbx/brazil.lbx
File: brazil.lbx 2023/03/05 v3.19 biblatex localization (PK/MW)
Package biblatex Info: Trying to load language 'brazilian'...
Package biblatex Info: ... file 'brazilian.lbx' found.
 (/home/dinisrosa22/texmf/tex/latex/biblatex/lbx/brazilian.lbx
File: brazilian.lbx 2023/03/05 v3.19 biblatex localization (PK/MW)
)
Package biblatex Info: Trying to load language 'brazilian'...
Package biblatex Info: ... file 'brazilian.lbx' found.
 (/home/dinisrosa22/texmf/tex/latex/biblatex/lbx/brazilian.lbx
File: brazilian.lbx 2023/03/05 v3.19 biblatex localization (PK/MW)
))
Package biblatex Info: Input encoding 'utf8' detected.
Package biblatex Info: Automatic encoding selection.
(biblatex)             Assuming data encoding 'utf8'.
\openout5 = `main.bcf'.

Package biblatex Info: Trying to load bibliographic data...
Package biblatex Info: ... file 'main.bbl' not found.

No file main.bbl.
Package biblatex Info: Reference section=0 on input line 63.
Package biblatex Info: Reference segment=0 on input line 63.
<./03-figuras/logo_engenharia.png, id=4, 112.92188pt x 57.21375pt>
File: ./03-figuras/logo_engenharia.png Graphic file (type png)
<use ./03-figuras/logo_engenharia.png>
Package pdftex.def Info: ./03-figuras/logo_engenharia.png  used on input line 67.
(pdftex.def)             Requested size: 181.99722pt x 92.2239pt.
[1

{/var/lib/texmf/fonts/map/pdftex/updmap/pdftex.map}{/usr/share/texmf/fonts/enc/dvips/cm-super/cm-super-t1.enc} <./03-figuras/logo_engenharia.png>] (./01/indice.tex
No file main.toc.

pdfTeX warning (ext4): destination with the same identifier (name{page.1}) has been already used, duplicate ignored
<to be read again> 
                   \relax 
l.3 \cleardoublepage
                     [1


]) (./02-texto/1-introducao.tex [2


]) (./02-texto/2-modelo_conceptual.tex [3{/usr/share/texmf/fonts/enc/dvips/cm-super/cm-super-ts1.enc}]
<./03-figuras/modelo_conceptual.png, id=36, 791.95876pt x 396.48125pt>
File: ./03-figuras/modelo_conceptual.png Graphic file (type png)
<use ./03-figuras/modelo_conceptual.png>
Package pdftex.def Info: ./03-figuras/modelo_conceptual.png  used on input line 16.
(pdftex.def)             Requested size: 455.0pt x 227.79344pt.
 [4

 <./03-figuras/modelo_conceptual.png>] [5] [6] [7]) (./02-texto/3-modelo_logico.tex [8]
Underfull \hbox (badness 10000) in paragraph at lines 3--4

 []

<./03-figuras/modelo_logico.png, id=64, 1485.55pt x 963.6pt>
File: ./03-figuras/modelo_logico.png Graphic file (type png)
<use ./03-figuras/modelo_logico.png>
Package pdftex.def Info: ./03-figuras/modelo_logico.png  used on input line 7.
(pdftex.def)             Requested size: 477.75139pt x 309.88745pt.

Overfull \hbox (22.75139pt too wide) in paragraph at lines 7--8
 [][] 
 []

) (./02-texto/4-modelo_fisico.tex [9

 <./03-figuras/modelo_logico.png>]) (./02-texto/5-documentacao_atributos.tex [10

]
./02-texto/5-documentacao_atributos.tex:30: Missing $ inserted.
<inserted text> 
                $
l.30  & id_
           localizacao & Identificador da localização & INT & Não \\
I've inserted a begin-math/end-math symbol since I think
you left one out. Proceed, with fingers crossed.

LaTeX Font Info:    Trying to load font information for U+msa on input line 30.
(/usr/share/texlive/texmf-dist/tex/latex/amsfonts/umsa.fd
File: umsa.fd 2013/01/14 v3.01 AMS symbols A
)
LaTeX Font Info:    Trying to load font information for U+msb on input line 30.
 (/usr/share/texlive/texmf-dist/tex/latex/amsfonts/umsb.fd
File: umsb.fd 2013/01/14 v3.01 AMS symbols B
)
./02-texto/5-documentacao_atributos.tex:30: Missing $ inserted.
<inserted text> 
                $
l.30  & id_localizacao &
                         Identificador da localização & INT & Não \\
I've inserted a begin-math/end-math symbol since I think
you left one out. Proceed, with fingers crossed.


Overfull \hbox (5.37096pt too wide) in paragraph at lines 31--31
[]|\T1/cmr/m/n/8 VARCHAR(100)| 
 []

./02-texto/5-documentacao_atributos.tex:39: Missing $ inserted.
<inserted text> 
                $
l.39  & id_
           equipamento & Identificador do equipamento & INT & Não \\
I've inserted a begin-math/end-math symbol since I think
you left one out. Proceed, with fingers crossed.

./02-texto/5-documentacao_atributos.tex:39: Missing $ inserted.
<inserted text> 
                $
l.39  & id_equipamento &
                         Identificador do equipamento & INT & Não \\
I've inserted a begin-math/end-math symbol since I think
you left one out. Proceed, with fingers crossed.


Overfull \hbox (5.37096pt too wide) in paragraph at lines 40--40
[]|\T1/cmr/m/n/8 VARCHAR(100)| 
 []


Overfull \hbox (1.122pt too wide) in paragraph at lines 41--41
[]|\T1/cmr/m/n/8 VARCHAR(50)| 
 []


Overfull \hbox (5.37096pt too wide) in paragraph at lines 42--42
[]|\T1/cmr/m/n/8 VARCHAR(100)| 
 []


Overfull \hbox (5.37096pt too wide) in paragraph at lines 43--43
[]|\T1/cmr/m/n/8 VARCHAR(100)| 
 []

./02-texto/5-documentacao_atributos.tex:44: Missing $ inserted.
<inserted text> 
                $
l.44  & data_
             aquisicao & Data de aquisição & DATE & Não \\
I've inserted a begin-math/end-math symbol since I think
you left one out. Proceed, with fingers crossed.

./02-texto/5-documentacao_atributos.tex:44: Missing $ inserted.
<inserted text> 
                $
l.44  & data_aquisicao &
                         Data de aquisição & DATE & Não \\
I've inserted a begin-math/end-math symbol since I think
you left one out. Proceed, with fingers crossed.

./02-texto/5-documentacao_atributos.tex:45: Missing $ inserted.
<inserted text> 
                $
l.45  & idade_
              equipamento & Idade do equipamento & INT & Não \\
I've inserted a begin-math/end-math symbol since I think
you left one out. Proceed, with fingers crossed.

./02-texto/5-documentacao_atributos.tex:45: Missing $ inserted.
<inserted text> 
                $
l.45  & idade_equipamento &
                            Idade do equipamento & INT & Não \\
I've inserted a begin-math/end-math symbol since I think
you left one out. Proceed, with fingers crossed.

./02-texto/5-documentacao_atributos.tex:46: Missing $ inserted.
<inserted text> 
                $
l.46  & contacto_
                 suporte & Contacto de suporte & VARCHAR(20) & Sim \\
I've inserted a begin-math/end-math symbol since I think
you left one out. Proceed, with fingers crossed.

./02-texto/5-documentacao_atributos.tex:46: Missing $ inserted.
<inserted text> 
                $
l.46  & contacto_suporte &
                           Contacto de suporte & VARCHAR(20) & Sim \\
I've inserted a begin-math/end-math symbol since I think
you left one out. Proceed, with fingers crossed.


Overfull \hbox (1.122pt too wide) in paragraph at lines 46--46
[]|\T1/cmr/m/n/8 VARCHAR(20)| 
 []

./02-texto/5-documentacao_atributos.tex:47: Missing $ inserted.
<inserted text> 
                $
l.47  & id_
           localizacao & Localização associada & INT & Não \\
I've inserted a begin-math/end-math symbol since I think
you left one out. Proceed, with fingers crossed.

./02-texto/5-documentacao_atributos.tex:47: Missing $ inserted.
<inserted text> 
                $
l.47  & id_localizacao &
                         Localização associada & INT & Não \\
I've inserted a begin-math/end-math symbol since I think
you left one out. Proceed, with fingers crossed.

./02-texto/5-documentacao_atributos.tex:48: Missing $ inserted.
<inserted text> 
                $
l.48  & id_
           departamento & Departamento associado & INT & Não \\
I've inserted a begin-math/end-math symbol since I think
you left one out. Proceed, with fingers crossed.

./02-texto/5-documentacao_atributos.tex:48: Missing $ inserted.
<inserted text> 
                $
l.48  & id_departamento &
                          Departamento associado & INT & Não \\
I've inserted a begin-math/end-math symbol since I think
you left one out. Proceed, with fingers crossed.

./02-texto/5-documentacao_atributos.tex:53: Missing $ inserted.
<inserted text> 
                $
l.53  & id_
           manutencao & Identificador da manutenção & INT & Não \\
I've inserted a begin-math/end-math symbol since I think
you left one out. Proceed, with fingers crossed.

./02-texto/5-documentacao_atributos.tex:53: Missing $ inserted.
<inserted text> 
                $
l.53  & id_manutencao &
                        Identificador da manutenção & INT & Não \\
I've inserted a begin-math/end-math symbol since I think
you left one out. Proceed, with fingers crossed.


Overfull \hbox (1.122pt too wide) in paragraph at lines 54--54
[]|\T1/cmr/m/n/8 VARCHAR(50)| 
 []

./02-texto/5-documentacao_atributos.tex:56: Missing $ inserted.
<inserted text> 
                $
l.56  & data_
             inicio & Data de início & DATE & Não \\
I've inserted a begin-math/end-math symbol since I think
you left one out. Proceed, with fingers crossed.

./02-texto/5-documentacao_atributos.tex:56: Missing $ inserted.
<inserted text> 
                $
l.56  & data_inicio &
                      Data de início & DATE & Não \\
I've inserted a begin-math/end-math symbol since I think
you left one out. Proceed, with fingers crossed.

./02-texto/5-documentacao_atributos.tex:57: Missing $ inserted.
<inserted text> 
                $
l.57  & data_
             fim & Data de fim & DATE & Não \\
I've inserted a begin-math/end-math symbol since I think
you left one out. Proceed, with fingers crossed.

./02-texto/5-documentacao_atributos.tex:57: Missing $ inserted.
<inserted text> 
                $
l.57  & data_fim &
                   Data de fim & DATE & Não \\
I've inserted a begin-math/end-math symbol since I think
you left one out. Proceed, with fingers crossed.


Overfull \hbox (5.37096pt too wide) in paragraph at lines 59--59
[]|\T1/cmr/m/n/8 VARCHAR(200)| 
 []

./02-texto/5-documentacao_atributos.tex:60: Missing $ inserted.
<inserted text> 
                $
l.60  & id_
           equipamento & Equipamento associado & INT & Não \\
I've inserted a begin-math/end-math symbol since I think
you left one out. Proceed, with fingers crossed.

./02-texto/5-documentacao_atributos.tex:60: Missing $ inserted.
<inserted text> 
                $
l.60  & id_equipamento &
                         Equipamento associado & INT & Não \\
I've inserted a begin-math/end-math symbol since I think
you left one out. Proceed, with fingers crossed.

./02-texto/5-documentacao_atributos.tex:63: Missing $ inserted.
<inserted text> 
                $
l.63 ...n{5}{l}{\textbf{Histórico_intervenção}}
                                                   \\
I've inserted a begin-math/end-math symbol since I think
you left one out. Proceed, with fingers crossed.


LaTeX Warning: Command \c invalid in math mode on input line 63.


LaTeX Warning: Command \~ invalid in math mode on input line 63.

./02-texto/5-documentacao_atributos.tex:63: Extra }, or forgotten $.
<recently read> \egroup 
                        
l.63 ...n{5}{l}{\textbf{Histórico_intervenção}}
                                                   \\
I've deleted a group-closing symbol because it seems to be
spurious, as in `$x}$'. But perhaps the } is legitimate and
you forgot something else, as in `\hbox{$x}'. In such cases
the way to recover is to insert both the forgotten and the
deleted material, e.g., by typing `I$}'.

./02-texto/5-documentacao_atributos.tex:63: Missing $ inserted.
<inserted text> 
                $
l.63 ...n{5}{l}{\textbf{Histórico_intervenção}}
                                                   \\
I've inserted something that you may have forgotten.
(See the <inserted text> above.)
With luck, this will get me unwedged. But if you
really didn't forget anything, try typing `2' now; then
my insertion and my current dilemma will both disappear.

Missing character: There is no � in font cmr8!
Missing character: There is no � in font cmr8!
./02-texto/5-documentacao_atributos.tex:63: Missing } inserted.
<inserted text> 
                }
l.63 ...n{5}{l}{\textbf{Histórico_intervenção}}
                                                   \\
I've inserted something that you may have forgotten.
(See the <inserted text> above.)
With luck, this will get me unwedged. But if you
really didn't forget anything, try typing `2' now; then
my insertion and my current dilemma will both disappear.

./02-texto/5-documentacao_atributos.tex:65: Missing $ inserted.
<inserted text> 
                $
l.65  & id_
           historico & Identificador do histórico & INT & Não \\
I've inserted a begin-math/end-math symbol since I think
you left one out. Proceed, with fingers crossed.

./02-texto/5-documentacao_atributos.tex:65: Missing $ inserted.
<inserted text> 
                $
l.65  & id_historico &
                       Identificador do histórico & INT & Não \\
I've inserted a begin-math/end-math symbol since I think
you left one out. Proceed, with fingers crossed.


Overfull \hbox (5.37096pt too wide) in paragraph at lines 66--66
[]|\T1/cmr/m/n/8 VARCHAR(200)| 
 []


Overfull \hbox (5.37096pt too wide) in paragraph at lines 67--67
[]|\T1/cmr/m/n/8 VARCHAR(100)| 
 []

./02-texto/5-documentacao_atributos.tex:69: Missing $ inserted.
<inserted text> 
                $
l.69  & id_
           manutencao & Manutenção associada & INT & Não \\
I've inserted a begin-math/end-math symbol since I think
you left one out. Proceed, with fingers crossed.

./02-texto/5-documentacao_atributos.tex:69: Missing $ inserted.
<inserted text> 
                $
l.69  & id_manutencao &
                        Manutenção associada & INT & Não \\
I've inserted a begin-math/end-math symbol since I think
you left one out. Proceed, with fingers crossed.

./02-texto/5-documentacao_atributos.tex:74: Missing $ inserted.
<inserted text> 
                $
l.74  & id_
           peca & Identificador da peça & INT & Não \\
I've inserted a begin-math/end-math symbol since I think
you left one out. Proceed, with fingers crossed.

./02-texto/5-documentacao_atributos.tex:74: Missing $ inserted.
<inserted text> 
                $
l.74  & id_peca &
                  Identificador da peça & INT & Não \\
I've inserted a begin-math/end-math symbol since I think
you left one out. Proceed, with fingers crossed.


Overfull \hbox (5.37096pt too wide) in paragraph at lines 75--75
[]|\T1/cmr/m/n/8 VARCHAR(100)| 
 []

./02-texto/5-documentacao_atributos.tex:77: Missing $ inserted.
<inserted text> 
                $
l.77  & validade_
                 peca & Validade & DATE & Não \\
I've inserted a begin-math/end-math symbol since I think
you left one out. Proceed, with fingers crossed.

./02-texto/5-documentacao_atributos.tex:77: Missing $ inserted.
<inserted text> 
                $
l.77  & validade_peca &
                        Validade & DATE & Não \\
I've inserted a begin-math/end-math symbol since I think
you left one out. Proceed, with fingers crossed.

./02-texto/5-documentacao_atributos.tex:80: Missing $ inserted.
<inserted text> 
                $
l.80 ...ticolumn{5}{l}{\textbf{Fornecedor_peças}}
                                                   \\
I've inserted a begin-math/end-math symbol since I think
you left one out. Proceed, with fingers crossed.


LaTeX Warning: Command \c invalid in math mode on input line 80.

./02-texto/5-documentacao_atributos.tex:80: Extra }, or forgotten $.
<recently read> \egroup 
                        
l.80 ...ticolumn{5}{l}{\textbf{Fornecedor_peças}}
                                                   \\
I've deleted a group-closing symbol because it seems to be
spurious, as in `$x}$'. But perhaps the } is legitimate and
you forgot something else, as in `\hbox{$x}'. In such cases
the way to recover is to insert both the forgotten and the
deleted material, e.g., by typing `I$}'.

./02-texto/5-documentacao_atributos.tex:80: Missing $ inserted.
<inserted text> 
                $
l.80 ...ticolumn{5}{l}{\textbf{Fornecedor_peças}}
                                                   \\
I've inserted something that you may have forgotten.
(See the <inserted text> above.)
With luck, this will get me unwedged. But if you
really didn't forget anything, try typing `2' now; then
my insertion and my current dilemma will both disappear.

Missing character: There is no � in font cmr8!
./02-texto/5-documentacao_atributos.tex:80: Missing } inserted.
<inserted text> 
                }
l.80 ...ticolumn{5}{l}{\textbf{Fornecedor_peças}}
                                                   \\
I've inserted something that you may have forgotten.
(See the <inserted text> above.)
With luck, this will get me unwedged. But if you
really didn't forget anything, try typing `2' now; then
my insertion and my current dilemma will both disappear.

./02-texto/5-documentacao_atributos.tex:82: Missing $ inserted.
<inserted text> 
                $
l.82  & id_
           fornecedor & Identificador do fornecedor & INT & Não \\
I've inserted a begin-math/end-math symbol since I think
you left one out. Proceed, with fingers crossed.

./02-texto/5-documentacao_atributos.tex:82: Missing $ inserted.
<inserted text> 
                $
l.82  & id_fornecedor &
                        Identificador do fornecedor & INT & Não \\
I've inserted a begin-math/end-math symbol since I think
you left one out. Proceed, with fingers crossed.


Overfull \hbox (5.37096pt too wide) in paragraph at lines 83--83
[]|\T1/cmr/m/n/8 VARCHAR(100)| 
 []


Overfull \hbox (1.122pt too wide) in paragraph at lines 84--84
[]|\T1/cmr/m/n/8 VARCHAR(10)| 
 []

./02-texto/5-documentacao_atributos.tex:89: Missing $ inserted.
<inserted text> 
                $
l.89  & id_
           tecnico & Identificador do técnico & INT & Não \\
I've inserted a begin-math/end-math symbol since I think
you left one out. Proceed, with fingers crossed.

./02-texto/5-documentacao_atributos.tex:89: Missing $ inserted.
<inserted text> 
                $
l.89  & id_tecnico &
                     Identificador do técnico & INT & Não \\
I've inserted a begin-math/end-math symbol since I think
you left one out. Proceed, with fingers crossed.


Overfull \hbox (5.37096pt too wide) in paragraph at lines 90--90
[]|\T1/cmr/m/n/8 VARCHAR(100)| 
 []


Overfull \hbox (5.37096pt too wide) in paragraph at lines 91--91
[]|\T1/cmr/m/n/8 VARCHAR(100)| 
 []


Overfull \hbox (1.122pt too wide) in paragraph at lines 92--92
[]|\T1/cmr/m/n/8 VARCHAR(10)| 
 []

./02-texto/5-documentacao_atributos.tex:93: Missing $ inserted.
<inserted text> 
                $
l.93  & anos_
             experiencia & Anos de experiência & INT & Não \\
I've inserted a begin-math/end-math symbol since I think
you left one out. Proceed, with fingers crossed.

./02-texto/5-documentacao_atributos.tex:93: Missing $ inserted.
<inserted text> 
                $
l.93  & anos_experiencia &
                           Anos de experiência & INT & Não \\
I've inserted a begin-math/end-math symbol since I think
you left one out. Proceed, with fingers crossed.

./02-texto/5-documentacao_atributos.tex:94: Missing $ inserted.
<inserted text> 
                $
l.94  & data_
             inicio_carreira & Data início carreira & DATE & Não \\
I've inserted a begin-math/end-math symbol since I think
you left one out. Proceed, with fingers crossed.

./02-texto/5-documentacao_atributos.tex:94: Missing $ inserted.
<inserted text> 
                $
l.94  & data_inicio_carreira &
                               Data início carreira & DATE & Não \\
I've inserted a begin-math/end-math symbol since I think
you left one out. Proceed, with fingers crossed.

./02-texto/5-documentacao_atributos.tex:97: Missing $ inserted.
<inserted text> 
                $
l.97 ...umn{5}{l}{\textbf{Intervenção_técnico}}
                                                   \\
I've inserted a begin-math/end-math symbol since I think
you left one out. Proceed, with fingers crossed.


LaTeX Warning: Command \' invalid in math mode on input line 97.

./02-texto/5-documentacao_atributos.tex:97: Extra }, or forgotten $.
<recently read> \egroup 
                        
l.97 ...umn{5}{l}{\textbf{Intervenção_técnico}}
                                                   \\
I've deleted a group-closing symbol because it seems to be
spurious, as in `$x}$'. But perhaps the } is legitimate and
you forgot something else, as in `\hbox{$x}'. In such cases
the way to recover is to insert both the forgotten and the
deleted material, e.g., by typing `I$}'.

./02-texto/5-documentacao_atributos.tex:97: Missing $ inserted.
<inserted text> 
                $
l.97 ...umn{5}{l}{\textbf{Intervenção_técnico}}
                                                   \\
I've inserted something that you may have forgotten.
(See the <inserted text> above.)
With luck, this will get me unwedged. But if you
really didn't forget anything, try typing `2' now; then
my insertion and my current dilemma will both disappear.

Missing character: There is no � in font cmr8!
./02-texto/5-documentacao_atributos.tex:97: Missing } inserted.
<inserted text> 
                }
l.97 ...umn{5}{l}{\textbf{Intervenção_técnico}}
                                                   \\
I've inserted something that you may have forgotten.
(See the <inserted text> above.)
With luck, this will get me unwedged. But if you
really didn't forget anything, try typing `2' now; then
my insertion and my current dilemma will both disappear.

./02-texto/5-documentacao_atributos.tex:99: Missing $ inserted.
<inserted text> 
                $
l.99  & id_
           intervencao & Identificador da intervenção & INT & Não \\
I've inserted a begin-math/end-math symbol since I think
you left one out. Proceed, with fingers crossed.

./02-texto/5-documentacao_atributos.tex:99: Missing $ inserted.
<inserted text> 
                $
l.99  & id_intervencao &
                         Identificador da intervenção & INT & Não \\
I've inserted a begin-math/end-math symbol since I think
you left one out. Proceed, with fingers crossed.


Overfull \hbox (1.122pt too wide) in paragraph at lines 100--100
[]|\T1/cmr/m/n/8 VARCHAR(50)| 
 []

./02-texto/5-documentacao_atributos.tex:101: Missing $ inserted.
<inserted text> 
                $
l.101  & horas_
               trabalho & Horas de trabalho & INT & Não \\
I've inserted a begin-math/end-math symbol since I think
you left one out. Proceed, with fingers crossed.

./02-texto/5-documentacao_atributos.tex:101: Missing $ inserted.
<inserted text> 
                $
l.101  & horas_trabalho &
                          Horas de trabalho & INT & Não \\
I've inserted a begin-math/end-math symbol since I think
you left one out. Proceed, with fingers crossed.

./02-texto/5-documentacao_atributos.tex:102: Missing $ inserted.
<inserted text> 
                $
l.102  & id_
            tecnico & Técnico associado & INT & Não \\
I've inserted a begin-math/end-math symbol since I think
you left one out. Proceed, with fingers crossed.

./02-texto/5-documentacao_atributos.tex:102: Missing $ inserted.
<inserted text> 
                $
l.102  & id_tecnico &
                      Técnico associado & INT & Não \\
I've inserted a begin-math/end-math symbol since I think
you left one out. Proceed, with fingers crossed.

./02-texto/5-documentacao_atributos.tex:103: Missing $ inserted.
<inserted text> 
                $
l.103  & id_
            manutencao & Manutenção associada & INT & Não \\
I've inserted a begin-math/end-math symbol since I think
you left one out. Proceed, with fingers crossed.

./02-texto/5-documentacao_atributos.tex:103: Missing $ inserted.
<inserted text> 
                $
l.103  & id_manutencao &
                         Manutenção associada & INT & Não \\
I've inserted a begin-math/end-math symbol since I think
you left one out. Proceed, with fingers crossed.

./02-texto/5-documentacao_atributos.tex:106: Missing $ inserted.
<inserted text> 
                $
l.106 \multicolumn{5}{l}{\textbf{Ordem_serviço}}
                                                  \\
I've inserted a begin-math/end-math symbol since I think
you left one out. Proceed, with fingers crossed.


LaTeX Warning: Command \c invalid in math mode on input line 106.

./02-texto/5-documentacao_atributos.tex:106: Extra }, or forgotten $.
<recently read> \egroup 
                        
l.106 \multicolumn{5}{l}{\textbf{Ordem_serviço}}
                                                  \\
I've deleted a group-closing symbol because it seems to be
spurious, as in `$x}$'. But perhaps the } is legitimate and
you forgot something else, as in `\hbox{$x}'. In such cases
the way to recover is to insert both the forgotten and the
deleted material, e.g., by typing `I$}'.

./02-texto/5-documentacao_atributos.tex:106: Missing $ inserted.
<inserted text> 
                $
l.106 \multicolumn{5}{l}{\textbf{Ordem_serviço}}
                                                  \\
I've inserted something that you may have forgotten.
(See the <inserted text> above.)
With luck, this will get me unwedged. But if you
really didn't forget anything, try typing `2' now; then
my insertion and my current dilemma will both disappear.

Missing character: There is no � in font cmr8!
./02-texto/5-documentacao_atributos.tex:106: Missing } inserted.
<inserted text> 
                }
l.106 \multicolumn{5}{l}{\textbf{Ordem_serviço}}
                                                  \\
I've inserted something that you may have forgotten.
(See the <inserted text> above.)
With luck, this will get me unwedged. But if you
really didn't forget anything, try typing `2' now; then
my insertion and my current dilemma will both disappear.

./02-texto/5-documentacao_atributos.tex:108: Missing $ inserted.
<inserted text> 
                $
l.108  & id_
            ordem & Identificador da ordem & INT & Não \\
I've inserted a begin-math/end-math symbol since I think
you left one out. Proceed, with fingers crossed.

./02-texto/5-documentacao_atributos.tex:108: Missing $ inserted.
<inserted text> 
                $
l.108  & id_ordem &
                    Identificador da ordem & INT & Não \\
I've inserted a begin-math/end-math symbol since I think
you left one out. Proceed, with fingers crossed.


Overfull \hbox (5.37096pt too wide) in paragraph at lines 109--109
[]|\T1/cmr/m/n/8 VARCHAR(200)| 
 []

./02-texto/5-documentacao_atributos.tex:110: Missing $ inserted.
<inserted text> 
                $
l.110  & estado_
                atual & Estado atual & VARCHAR(50) & Não \\
I've inserted a begin-math/end-math symbol since I think
you left one out. Proceed, with fingers crossed.

./02-texto/5-documentacao_atributos.tex:110: Missing $ inserted.
<inserted text> 
                $
l.110  & estado_atual &
                        Estado atual & VARCHAR(50) & Não \\
I've inserted a begin-math/end-math symbol since I think
you left one out. Proceed, with fingers crossed.


Overfull \hbox (1.122pt too wide) in paragraph at lines 110--110
[]|\T1/cmr/m/n/8 VARCHAR(50)| 
 []

./02-texto/5-documentacao_atributos.tex:111: Missing $ inserted.
<inserted text> 
                $
l.111  & data_
              criacao & Data de criação & DATE & Não \\
I've inserted a begin-math/end-math symbol since I think
you left one out. Proceed, with fingers crossed.

./02-texto/5-documentacao_atributos.tex:111: Missing $ inserted.
<inserted text> 
                $
l.111  & data_criacao &
                        Data de criação & DATE & Não \\
I've inserted a begin-math/end-math symbol since I think
you left one out. Proceed, with fingers crossed.


Overfull \hbox (1.122pt too wide) in paragraph at lines 112--112
[]|\T1/cmr/m/n/8 VARCHAR(20)| 
 []

./02-texto/5-documentacao_atributos.tex:117: Missing $ inserted.
<inserted text> 
                $
l.117  & id_
            departamento & Identificador do departamento & INT & Não \\
I've inserted a begin-math/end-math symbol since I think
you left one out. Proceed, with fingers crossed.

./02-texto/5-documentacao_atributos.tex:117: Missing $ inserted.
<inserted text> 
                $
l.117  & id_departamento &
                           Identificador do departamento & INT & Não \\
I've inserted a begin-math/end-math symbol since I think
you left one out. Proceed, with fingers crossed.


Overfull \hbox (5.37096pt too wide) in paragraph at lines 118--118
[]|\T1/cmr/m/n/8 VARCHAR(100)| 
 []


Overfull \hbox (5.37096pt too wide) in paragraph at lines 119--119
[]|\T1/cmr/m/n/8 VARCHAR(200)| 
 []

./02-texto/5-documentacao_atributos.tex:124: Missing $ inserted.
<inserted text> 
                $
l.124  & id_
            responsavel & Identificador do responsável & INT & Não \\
I've inserted a begin-math/end-math symbol since I think
you left one out. Proceed, with fingers crossed.

./02-texto/5-documentacao_atributos.tex:124: Missing $ inserted.
<inserted text> 
                $
l.124  & id_responsavel &
                          Identificador do responsável & INT & Não \\
I've inserted a begin-math/end-math symbol since I think
you left one out. Proceed, with fingers crossed.


Overfull \hbox (5.37096pt too wide) in paragraph at lines 125--125
[]|\T1/cmr/m/n/8 VARCHAR(100)| 
 []

./02-texto/5-documentacao_atributos.tex:126: Missing $ inserted.
<inserted text> 
                $
l.126  & data_
              nascimento & Data nascimento & DATE & Não \\
I've inserted a begin-math/end-math symbol since I think
you left one out. Proceed, with fingers crossed.

./02-texto/5-documentacao_atributos.tex:126: Missing $ inserted.
<inserted text> 
                $
l.126  & data_nascimento &
                           Data nascimento & DATE & Não \\
I've inserted a begin-math/end-math symbol since I think
you left one out. Proceed, with fingers crossed.


Overfull \hbox (1.122pt too wide) in paragraph at lines 127--127
[]|\T1/cmr/m/n/8 VARCHAR(20)| 
 []

./02-texto/5-documentacao_atributos.tex:128: Missing $ inserted.
<inserted text> 
                $
l.128  & id_
            departamento & Departamento associado & INT & Não \\
I've inserted a begin-math/end-math symbol since I think
you left one out. Proceed, with fingers crossed.

./02-texto/5-documentacao_atributos.tex:128: Missing $ inserted.
<inserted text> 
                $
l.128  & id_departamento &
                           Departamento associado & INT & Não \\
I've inserted a begin-math/end-math symbol since I think
you left one out. Proceed, with fingers crossed.

[11

]) (./02-texto/6-povoamento.tex [12]
Package hyperref Info: bookmark level for unknown lstlisting defaults to 0 on input line 5.
LaTeX Font Info:    Trying to load font information for T1+cmtt on input line 5.
 (/usr/share/texlive/texmf-dist/tex/latex/base/t1cmtt.fd
File: t1cmtt.fd 2023/04/13 v2.5m Standard LaTeX font definitions
)
LaTeX Font Info:    Font shape `T1/cmtt/bx/n' in size <10.95> not available
(Font)              Font shape `T1/cmtt/m/n' tried instead on input line 6.


./02-texto/6-povoamento.tex:6: LaTeX Error: Invalid UTF-8 byte sequence (�\expandafter).

See the LaTeX manual or LaTeX Companion for explanation.
Type  H <return>  for immediate help.
 ...                                              
                                                  
l.6 INSERT INTO Localização 
                              (id_ocalização, descrição, sala, piso, edi...
The document does not appear to be in UTF-8 encoding.
Try adding \UseRawInputEncoding as the first line of the file
or specify an encoding such as \usepackage [latin1]{inputenc}
in the document preamble.
Alternatively, save the file in UTF-8 using your editor or another tool


./02-texto/6-povoamento.tex:6: LaTeX Error: Invalid UTF-8 byte "A7.

See the LaTeX manual or LaTeX Companion for explanation.
Type  H <return>  for immediate help.
 ...                                              
                                                  
l.6 INSERT INTO Localização 
                              (id_ocalização, descrição, sala, piso, edi...
The document does not appear to be in UTF-8 encoding.
Try adding \UseRawInputEncoding as the first line of the file
or specify an encoding such as \usepackage [latin1]{inputenc}
in the document preamble.
Alternatively, save the file in UTF-8 using your editor or another tool


./02-texto/6-povoamento.tex:6: LaTeX Error: Invalid UTF-8 byte sequence (�\expandafter).

See the LaTeX manual or LaTeX Companion for explanation.
Type  H <return>  for immediate help.
 ...                                              
                                                  
l.6 INSERT INTO Localização 
                              (id_ocalização, descrição, sala, piso, edi...
The document does not appear to be in UTF-8 encoding.
Try adding \UseRawInputEncoding as the first line of the file
or specify an encoding such as \usepackage [latin1]{inputenc}
in the document preamble.
Alternatively, save the file in UTF-8 using your editor or another tool


./02-texto/6-povoamento.tex:6: LaTeX Error: Invalid UTF-8 byte "A3.

See the LaTeX manual or LaTeX Companion for explanation.
Type  H <return>  for immediate help.
 ...                                              
                                                  
l.6 INSERT INTO Localização 
                              (id_ocalização, descrição, sala, piso, edi...
The document does not appear to be in UTF-8 encoding.
Try adding \UseRawInputEncoding as the first line of the file
or specify an encoding such as \usepackage [latin1]{inputenc}
in the document preamble.
Alternatively, save the file in UTF-8 using your editor or another tool


./02-texto/6-povoamento.tex:6: LaTeX Error: Invalid UTF-8 byte sequence (�\expandafter).

See the LaTeX manual or LaTeX Companion for explanation.
Type  H <return>  for immediate help.
 ...                                              
                                                  
l.6 INSERT INTO Localização (id_ocalização,
                                                descrição, sala, piso, edi...
The document does not appear to be in UTF-8 encoding.
Try adding \UseRawInputEncoding as the first line of the file
or specify an encoding such as \usepackage [latin1]{inputenc}
in the document preamble.
Alternatively, save the file in UTF-8 using your editor or another tool


./02-texto/6-povoamento.tex:6: LaTeX Error: Invalid UTF-8 byte "A7.

See the LaTeX manual or LaTeX Companion for explanation.
Type  H <return>  for immediate help.
 ...                                              
                                                  
l.6 INSERT INTO Localização (id_ocalização,
                                                descrição, sala, piso, edi...
The document does not appear to be in UTF-8 encoding.
Try adding \UseRawInputEncoding as the first line of the file
or specify an encoding such as \usepackage [latin1]{inputenc}
in the document preamble.
Alternatively, save the file in UTF-8 using your editor or another tool


./02-texto/6-povoamento.tex:6: LaTeX Error: Invalid UTF-8 byte sequence (�\expandafter).

See the LaTeX manual or LaTeX Companion for explanation.
Type  H <return>  for immediate help.
 ...                                              
                                                  
l.6 INSERT INTO Localização (id_ocalização,
                                                descrição, sala, piso, edi...
The document does not appear to be in UTF-8 encoding.
Try adding \UseRawInputEncoding as the first line of the file
or specify an encoding such as \usepackage [latin1]{inputenc}
in the document preamble.
Alternatively, save the file in UTF-8 using your editor or another tool


./02-texto/6-povoamento.tex:6: LaTeX Error: Invalid UTF-8 byte "A3.

See the LaTeX manual or LaTeX Companion for explanation.
Type  H <return>  for immediate help.
 ...                                              
                                                  
l.6 INSERT INTO Localização (id_ocalização,
                                                descrição, sala, piso, edi...
The document does not appear to be in UTF-8 encoding.
Try adding \UseRawInputEncoding as the first line of the file
or specify an encoding such as \usepackage [latin1]{inputenc}
in the document preamble.
Alternatively, save the file in UTF-8 using your editor or another tool


./02-texto/6-povoamento.tex:6: LaTeX Error: Invalid UTF-8 byte sequence (�\expandafter).

See the LaTeX manual or LaTeX Companion for explanation.
Type  H <return>  for immediate help.
 ...                                              
                                                  
l.6 ...ocalização (id_ocalização, descrição,
                                                   sala, piso, edifício) VA...
The document does not appear to be in UTF-8 encoding.
Try adding \UseRawInputEncoding as the first line of the file
or specify an encoding such as \usepackage [latin1]{inputenc}
in the document preamble.
Alternatively, save the file in UTF-8 using your editor or another tool


./02-texto/6-povoamento.tex:6: LaTeX Error: Invalid UTF-8 byte "A7.

See the LaTeX manual or LaTeX Companion for explanation.
Type  H <return>  for immediate help.
 ...                                              
                                                  
l.6 ...ocalização (id_ocalização, descrição,
                                                   sala, piso, edifício) VA...
The document does not appear to be in UTF-8 encoding.
Try adding \UseRawInputEncoding as the first line of the file
or specify an encoding such as \usepackage [latin1]{inputenc}
in the document preamble.
Alternatively, save the file in UTF-8 using your editor or another tool


./02-texto/6-povoamento.tex:6: LaTeX Error: Invalid UTF-8 byte sequence (�\expandafter).

See the LaTeX manual or LaTeX Companion for explanation.
Type  H <return>  for immediate help.
 ...                                              
                                                  
l.6 ...ocalização (id_ocalização, descrição,
                                                   sala, piso, edifício) VA...
The document does not appear to be in UTF-8 encoding.
Try adding \UseRawInputEncoding as the first line of the file
or specify an encoding such as \usepackage [latin1]{inputenc}
in the document preamble.
Alternatively, save the file in UTF-8 using your editor or another tool


./02-texto/6-povoamento.tex:6: LaTeX Error: Invalid UTF-8 byte "A3.

See the LaTeX manual or LaTeX Companion for explanation.
Type  H <return>  for immediate help.
 ...                                              
                                                  
l.6 ...ocalização (id_ocalização, descrição,
                                                   sala, piso, edifício) VA...
The document does not appear to be in UTF-8 encoding.
Try adding \UseRawInputEncoding as the first line of the file
or specify an encoding such as \usepackage [latin1]{inputenc}
in the document preamble.
Alternatively, save the file in UTF-8 using your editor or another tool


./02-texto/6-povoamento.tex:6: LaTeX Error: Invalid UTF-8 byte sequence (�\expandafter).

See the LaTeX manual or LaTeX Companion for explanation.
Type  H <return>  for immediate help.
 ...                                              
                                                  
l.6 ...ação, descrição, sala, piso, edifício)
                                                   VALUES
The document does not appear to be in UTF-8 encoding.
Try adding \UseRawInputEncoding as the first line of the file
or specify an encoding such as \usepackage [latin1]{inputenc}
in the document preamble.
Alternatively, save the file in UTF-8 using your editor or another tool


./02-texto/6-povoamento.tex:6: LaTeX Error: Invalid UTF-8 byte "AD.

See the LaTeX manual or LaTeX Companion for explanation.
Type  H <return>  for immediate help.
 ...                                              
                                                  
l.6 ...ação, descrição, sala, piso, edifício)
                                                   VALUES
The document does not appear to be in UTF-8 encoding.
Try adding \UseRawInputEncoding as the first line of the file
or specify an encoding such as \usepackage [latin1]{inputenc}
in the document preamble.
Alternatively, save the file in UTF-8 using your editor or another tool


./02-texto/6-povoamento.tex:8: LaTeX Error: Invalid UTF-8 byte sequence (�\expandafter).

See the LaTeX manual or LaTeX Companion for explanation.
Type  H <return>  for immediate help.
 ...                                              
                                                  
l.8 (2, 'Laboratório 
                      de Informática', '202', '2', '2'),
The document does not appear to be in UTF-8 encoding.
Try adding \UseRawInputEncoding as the first line of the file
or specify an encoding such as \usepackage [latin1]{inputenc}
in the document preamble.
Alternatively, save the file in UTF-8 using your editor or another tool


./02-texto/6-povoamento.tex:8: LaTeX Error: Invalid UTF-8 byte "B3.

See the LaTeX manual or LaTeX Companion for explanation.
Type  H <return>  for immediate help.
 ...                                              
                                                  
l.8 (2, 'Laboratório 
                      de Informática', '202', '2', '2'),
The document does not appear to be in UTF-8 encoding.
Try adding \UseRawInputEncoding as the first line of the file
or specify an encoding such as \usepackage [latin1]{inputenc}
in the document preamble.
Alternatively, save the file in UTF-8 using your editor or another tool


./02-texto/6-povoamento.tex:8: LaTeX Error: Invalid UTF-8 byte sequence (�\expandafter).

See the LaTeX manual or LaTeX Companion for explanation.
Type  H <return>  for immediate help.
 ...                                              
                                                  
l.8 (2, 'Laboratório de Informática'
                                      , '202', '2', '2'),
The document does not appear to be in UTF-8 encoding.
Try adding \UseRawInputEncoding as the first line of the file
or specify an encoding such as \usepackage [latin1]{inputenc}
in the document preamble.
Alternatively, save the file in UTF-8 using your editor or another tool


./02-texto/6-povoamento.tex:8: LaTeX Error: Invalid UTF-8 byte "A1.

See the LaTeX manual or LaTeX Companion for explanation.
Type  H <return>  for immediate help.
 ...                                              
                                                  
l.8 (2, 'Laboratório de Informática'
                                      , '202', '2', '2'),
The document does not appear to be in UTF-8 encoding.
Try adding \UseRawInputEncoding as the first line of the file
or specify an encoding such as \usepackage [latin1]{inputenc}
in the document preamble.
Alternatively, save the file in UTF-8 using your editor or another tool


./02-texto/6-povoamento.tex:9: LaTeX Error: Invalid UTF-8 byte sequence (�\expandafter).

See the LaTeX manual or LaTeX Companion for explanation.
Type  H <return>  for immediate help.
 ...                                              
                                                  
l.9 (3, 'Armazém 
                  de Equipamentos', '001', '0', '3'),
The document does not appear to be in UTF-8 encoding.
Try adding \UseRawInputEncoding as the first line of the file
or specify an encoding such as \usepackage [latin1]{inputenc}
in the document preamble.
Alternatively, save the file in UTF-8 using your editor or another tool


./02-texto/6-povoamento.tex:9: LaTeX Error: Invalid UTF-8 byte "A9.

See the LaTeX manual or LaTeX Companion for explanation.
Type  H <return>  for immediate help.
 ...                                              
                                                  
l.9 (3, 'Armazém 
                  de Equipamentos', '001', '0', '3'),
The document does not appear to be in UTF-8 encoding.
Try adding \UseRawInputEncoding as the first line of the file
or specify an encoding such as \usepackage [latin1]{inputenc}
in the document preamble.
Alternatively, save the file in UTF-8 using your editor or another tool


./02-texto/6-povoamento.tex:10: LaTeX Error: Invalid UTF-8 byte sequence (�\expandafter).

See the LaTeX manual or LaTeX Companion for explanation.
Type  H <return>  for immediate help.
 ...                                              
                                                  
l.10 (4, 'Sala de Reuniões 
                            Norte', '301', '3', '1'),
The document does not appear to be in UTF-8 encoding.
Try adding \UseRawInputEncoding as the first line of the file
or specify an encoding such as \usepackage [latin1]{inputenc}
in the document preamble.
Alternatively, save the file in UTF-8 using your editor or another tool


./02-texto/6-povoamento.tex:10: LaTeX Error: Invalid UTF-8 byte "B5.

See the LaTeX manual or LaTeX Companion for explanation.
Type  H <return>  for immediate help.
 ...                                              
                                                  
l.10 (4, 'Sala de Reuniões 
                            Norte', '301', '3', '1'),
The document does not appear to be in UTF-8 encoding.
Try adding \UseRawInputEncoding as the first line of the file
or specify an encoding such as \usepackage [latin1]{inputenc}
in the document preamble.
Alternatively, save the file in UTF-8 using your editor or another tool


./02-texto/6-povoamento.tex:12: LaTeX Error: Invalid UTF-8 byte sequence (�\expandafter).

See the LaTeX manual or LaTeX Companion for explanation.
Type  H <return>  for immediate help.
 ...                                              
                                                  
l.12 (6, 'Oficina de Manutenção'
                                  , '050', '0', '2'),
The document does not appear to be in UTF-8 encoding.
Try adding \UseRawInputEncoding as the first line of the file
or specify an encoding such as \usepackage [latin1]{inputenc}
in the document preamble.
Alternatively, save the file in UTF-8 using your editor or another tool


./02-texto/6-povoamento.tex:12: LaTeX Error: Invalid UTF-8 byte "A7.

See the LaTeX manual or LaTeX Companion for explanation.
Type  H <return>  for immediate help.
 ...                                              
                                                  
l.12 (6, 'Oficina de Manutenção'
                                  , '050', '0', '2'),
The document does not appear to be in UTF-8 encoding.
Try adding \UseRawInputEncoding as the first line of the file
or specify an encoding such as \usepackage [latin1]{inputenc}
in the document preamble.
Alternatively, save the file in UTF-8 using your editor or another tool


./02-texto/6-povoamento.tex:12: LaTeX Error: Invalid UTF-8 byte sequence (�\expandafter).

See the LaTeX manual or LaTeX Companion for explanation.
Type  H <return>  for immediate help.
 ...                                              
                                                  
l.12 (6, 'Oficina de Manutenção'
                                  , '050', '0', '2'),
The document does not appear to be in UTF-8 encoding.
Try adding \UseRawInputEncoding as the first line of the file
or specify an encoding such as \usepackage [latin1]{inputenc}
in the document preamble.
Alternatively, save the file in UTF-8 using your editor or another tool


./02-texto/6-povoamento.tex:12: LaTeX Error: Invalid UTF-8 byte "A3.

See the LaTeX manual or LaTeX Companion for explanation.
Type  H <return>  for immediate help.
 ...                                              
                                                  
l.12 (6, 'Oficina de Manutenção'
                                  , '050', '0', '2'),
The document does not appear to be in UTF-8 encoding.
Try adding \UseRawInputEncoding as the first line of the file
or specify an encoding such as \usepackage [latin1]{inputenc}
in the document preamble.
Alternatively, save the file in UTF-8 using your editor or another tool


./02-texto/6-povoamento.tex:13: LaTeX Error: Invalid UTF-8 byte sequence (�\expandafter).

See the LaTeX manual or LaTeX Companion for explanation.
Type  H <return>  for immediate help.
 ...                                              
                                                  
l.13 (7, 'Sala de Comunicações'
                                 , '205', '2', '1'),
The document does not appear to be in UTF-8 encoding.
Try adding \UseRawInputEncoding as the first line of the file
or specify an encoding such as \usepackage [latin1]{inputenc}
in the document preamble.
Alternatively, save the file in UTF-8 using your editor or another tool


./02-texto/6-povoamento.tex:13: LaTeX Error: Invalid UTF-8 byte "A7.

See the LaTeX manual or LaTeX Companion for explanation.
Type  H <return>  for immediate help.
 ...                                              
                                                  
l.13 (7, 'Sala de Comunicações'
                                 , '205', '2', '1'),
The document does not appear to be in UTF-8 encoding.
Try adding \UseRawInputEncoding as the first line of the file
or specify an encoding such as \usepackage [latin1]{inputenc}
in the document preamble.
Alternatively, save the file in UTF-8 using your editor or another tool


./02-texto/6-povoamento.tex:13: LaTeX Error: Invalid UTF-8 byte sequence (�\expandafter).

See the LaTeX manual or LaTeX Companion for explanation.
Type  H <return>  for immediate help.
 ...                                              
                                                  
l.13 (7, 'Sala de Comunicações'
                                 , '205', '2', '1'),
The document does not appear to be in UTF-8 encoding.
Try adding \UseRawInputEncoding as the first line of the file
or specify an encoding such as \usepackage [latin1]{inputenc}
in the document preamble.
Alternatively, save the file in UTF-8 using your editor or another tool


./02-texto/6-povoamento.tex:13: LaTeX Error: Invalid UTF-8 byte "B5.

See the LaTeX manual or LaTeX Companion for explanation.
Type  H <return>  for immediate help.
 ...                                              
                                                  
l.13 (7, 'Sala de Comunicações'
                                 , '205', '2', '1'),
The document does not appear to be in UTF-8 encoding.
Try adding \UseRawInputEncoding as the first line of the file
or specify an encoding such as \usepackage [latin1]{inputenc}
in the document preamble.
Alternatively, save the file in UTF-8 using your editor or another tool


./02-texto/6-povoamento.tex:14: LaTeX Error: Invalid UTF-8 byte sequence (�\expandafter).

See the LaTeX manual or LaTeX Companion for explanation.
Type  H <return>  for immediate help.
 ...                                              
                                                  
l.14 (8, 'Depósito 
                    Técnico', '010', '0', '3'),
The document does not appear to be in UTF-8 encoding.
Try adding \UseRawInputEncoding as the first line of the file
or specify an encoding such as \usepackage [latin1]{inputenc}
in the document preamble.
Alternatively, save the file in UTF-8 using your editor or another tool


./02-texto/6-povoamento.tex:14: LaTeX Error: Invalid UTF-8 byte "B3.

See the LaTeX manual or LaTeX Companion for explanation.
Type  H <return>  for immediate help.
 ...                                              
                                                  
l.14 (8, 'Depósito 
                    Técnico', '010', '0', '3'),
The document does not appear to be in UTF-8 encoding.
Try adding \UseRawInputEncoding as the first line of the file
or specify an encoding such as \usepackage [latin1]{inputenc}
in the document preamble.
Alternatively, save the file in UTF-8 using your editor or another tool


./02-texto/6-povoamento.tex:14: LaTeX Error: Invalid UTF-8 byte sequence (�\expandafter).

See the LaTeX manual or LaTeX Companion for explanation.
Type  H <return>  for immediate help.
 ...                                              
                                                  
l.14 (8, 'Depósito Técnico'
                             , '010', '0', '3'),
The document does not appear to be in UTF-8 encoding.
Try adding \UseRawInputEncoding as the first line of the file
or specify an encoding such as \usepackage [latin1]{inputenc}
in the document preamble.
Alternatively, save the file in UTF-8 using your editor or another tool


./02-texto/6-povoamento.tex:14: LaTeX Error: Invalid UTF-8 byte "A9.

See the LaTeX manual or LaTeX Companion for explanation.
Type  H <return>  for immediate help.
 ...                                              
                                                  
l.14 (8, 'Depósito Técnico'
                             , '010', '0', '3'),
The document does not appear to be in UTF-8 encoding.
Try adding \UseRawInputEncoding as the first line of the file
or specify an encoding such as \usepackage [latin1]{inputenc}
in the document preamble.
Alternatively, save the file in UTF-8 using your editor or another tool


./02-texto/6-povoamento.tex:15: LaTeX Error: Invalid UTF-8 byte sequence (�\expandafter).

See the LaTeX manual or LaTeX Companion for explanation.
Type  H <return>  for immediate help.
 ...                                              
                                                  
l.15 (9, 'Sala de Monitorização'
                                  , '401', '4', '4'),
The document does not appear to be in UTF-8 encoding.
Try adding \UseRawInputEncoding as the first line of the file
or specify an encoding such as \usepackage [latin1]{inputenc}
in the document preamble.
Alternatively, save the file in UTF-8 using your editor or another tool


./02-texto/6-povoamento.tex:15: LaTeX Error: Invalid UTF-8 byte "A7.

See the LaTeX manual or LaTeX Companion for explanation.
Type  H <return>  for immediate help.
 ...                                              
                                                  
l.15 (9, 'Sala de Monitorização'
                                  , '401', '4', '4'),
The document does not appear to be in UTF-8 encoding.
Try adding \UseRawInputEncoding as the first line of the file
or specify an encoding such as \usepackage [latin1]{inputenc}
in the document preamble.
Alternatively, save the file in UTF-8 using your editor or another tool


./02-texto/6-povoamento.tex:15: LaTeX Error: Invalid UTF-8 byte sequence (�\expandafter).

See the LaTeX manual or LaTeX Companion for explanation.
Type  H <return>  for immediate help.
 ...                                              
                                                  
l.15 (9, 'Sala de Monitorização'
                                  , '401', '4', '4'),
The document does not appear to be in UTF-8 encoding.
Try adding \UseRawInputEncoding as the first line of the file
or specify an encoding such as \usepackage [latin1]{inputenc}
in the document preamble.
Alternatively, save the file in UTF-8 using your editor or another tool


./02-texto/6-povoamento.tex:15: LaTeX Error: Invalid UTF-8 byte "A3.

See the LaTeX manual or LaTeX Companion for explanation.
Type  H <return>  for immediate help.
 ...                                              
                                                  
l.15 (9, 'Sala de Monitorização'
                                  , '401', '4', '4'),
The document does not appear to be in UTF-8 encoding.
Try adding \UseRawInputEncoding as the first line of the file
or specify an encoding such as \usepackage [latin1]{inputenc}
in the document preamble.
Alternatively, save the file in UTF-8 using your editor or another tool


./02-texto/6-povoamento.tex:16: LaTeX Error: Invalid UTF-8 byte sequence (�\expandafter).

See the LaTeX manual or LaTeX Companion for explanation.
Type  H <return>  for immediate help.
 ...                                              
                                                  
l.16 (10, 'Receção 
                     Principal', '001', '0', '1');
The document does not appear to be in UTF-8 encoding.
Try adding \UseRawInputEncoding as the first line of the file
or specify an encoding such as \usepackage [latin1]{inputenc}
in the document preamble.
Alternatively, save the file in UTF-8 using your editor or another tool


./02-texto/6-povoamento.tex:16: LaTeX Error: Invalid UTF-8 byte "A7.

See the LaTeX manual or LaTeX Companion for explanation.
Type  H <return>  for immediate help.
 ...                                              
                                                  
l.16 (10, 'Receção 
                     Principal', '001', '0', '1');
The document does not appear to be in UTF-8 encoding.
Try adding \UseRawInputEncoding as the first line of the file
or specify an encoding such as \usepackage [latin1]{inputenc}
in the document preamble.
Alternatively, save the file in UTF-8 using your editor or another tool


./02-texto/6-povoamento.tex:16: LaTeX Error: Invalid UTF-8 byte sequence (�\expandafter).

See the LaTeX manual or LaTeX Companion for explanation.
Type  H <return>  for immediate help.
 ...                                              
                                                  
l.16 (10, 'Receção 
                     Principal', '001', '0', '1');
The document does not appear to be in UTF-8 encoding.
Try adding \UseRawInputEncoding as the first line of the file
or specify an encoding such as \usepackage [latin1]{inputenc}
in the document preamble.
Alternatively, save the file in UTF-8 using your editor or another tool


./02-texto/6-povoamento.tex:16: LaTeX Error: Invalid UTF-8 byte "A3.

See the LaTeX manual or LaTeX Companion for explanation.
Type  H <return>  for immediate help.
 ...                                              
                                                  
l.16 (10, 'Receção 
                     Principal', '001', '0', '1');
The document does not appear to be in UTF-8 encoding.
Try adding \UseRawInputEncoding as the first line of the file
or specify an encoding such as \usepackage [latin1]{inputenc}
in the document preamble.
Alternatively, save the file in UTF-8 using your editor or another tool


./02-texto/6-povoamento.tex:23: LaTeX Error: Invalid UTF-8 byte sequence (�\expandafter).

See the LaTeX manual or LaTeX Companion for explanation.
Type  H <return>  for immediate help.
 ...                                              
                                                  
l.23 ...mento (idEquipamento, estado, descrição,
                                                   fabricante, designação,...
The document does not appear to be in UTF-8 encoding.
Try adding \UseRawInputEncoding as the first line of the file
or specify an encoding such as \usepackage [latin1]{inputenc}
in the document preamble.
Alternatively, save the file in UTF-8 using your editor or another tool


./02-texto/6-povoamento.tex:23: LaTeX Error: Invalid UTF-8 byte "A7.

See the LaTeX manual or LaTeX Companion for explanation.
Type  H <return>  for immediate help.
 ...                                              
                                                  
l.23 ...mento (idEquipamento, estado, descrição,
                                                   fabricante, designação,...
The document does not appear to be in UTF-8 encoding.
Try adding \UseRawInputEncoding as the first line of the file
or specify an encoding such as \usepackage [latin1]{inputenc}
in the document preamble.
Alternatively, save the file in UTF-8 using your editor or another tool


./02-texto/6-povoamento.tex:23: LaTeX Error: Invalid UTF-8 byte sequence (�\expandafter).

See the LaTeX manual or LaTeX Companion for explanation.
Type  H <return>  for immediate help.
 ...                                              
                                                  
l.23 ...mento (idEquipamento, estado, descrição,
                                                   fabricante, designação,...
The document does not appear to be in UTF-8 encoding.
Try adding \UseRawInputEncoding as the first line of the file
or specify an encoding such as \usepackage [latin1]{inputenc}
in the document preamble.
Alternatively, save the file in UTF-8 using your editor or another tool


./02-texto/6-povoamento.tex:23: LaTeX Error: Invalid UTF-8 byte "A3.

See the LaTeX manual or LaTeX Companion for explanation.
Type  H <return>  for immediate help.
 ...                                              
                                                  
l.23 ...mento (idEquipamento, estado, descrição,
                                                   fabricante, designação,...
The document does not appear to be in UTF-8 encoding.
Try adding \UseRawInputEncoding as the first line of the file
or specify an encoding such as \usepackage [latin1]{inputenc}
in the document preamble.
Alternatively, save the file in UTF-8 using your editor or another tool


./02-texto/6-povoamento.tex:23: LaTeX Error: Invalid UTF-8 byte sequence (�\expandafter).

See the LaTeX manual or LaTeX Companion for explanation.
Type  H <return>  for immediate help.
 ...                                              
                                                  
l.23 ...do, descrição, fabricante, designação,
                                                   data_aquisição, idade_e...
The document does not appear to be in UTF-8 encoding.
Try adding \UseRawInputEncoding as the first line of the file
or specify an encoding such as \usepackage [latin1]{inputenc}
in the document preamble.
Alternatively, save the file in UTF-8 using your editor or another tool


./02-texto/6-povoamento.tex:23: LaTeX Error: Invalid UTF-8 byte "A7.

See the LaTeX manual or LaTeX Companion for explanation.
Type  H <return>  for immediate help.
 ...                                              
                                                  
l.23 ...do, descrição, fabricante, designação,
                                                   data_aquisição, idade_e...
The document does not appear to be in UTF-8 encoding.
Try adding \UseRawInputEncoding as the first line of the file
or specify an encoding such as \usepackage [latin1]{inputenc}
in the document preamble.
Alternatively, save the file in UTF-8 using your editor or another tool


./02-texto/6-povoamento.tex:23: LaTeX Error: Invalid UTF-8 byte sequence (�\expandafter).

See the LaTeX manual or LaTeX Companion for explanation.
Type  H <return>  for immediate help.
 ...                                              
                                                  
l.23 ...do, descrição, fabricante, designação,
                                                   data_aquisição, idade_e...
The document does not appear to be in UTF-8 encoding.
Try adding \UseRawInputEncoding as the first line of the file
or specify an encoding such as \usepackage [latin1]{inputenc}
in the document preamble.
Alternatively, save the file in UTF-8 using your editor or another tool


./02-texto/6-povoamento.tex:23: LaTeX Error: Invalid UTF-8 byte "A3.

See the LaTeX manual or LaTeX Companion for explanation.
Type  H <return>  for immediate help.
 ...                                              
                                                  
l.23 ...do, descrição, fabricante, designação,
                                                   data_aquisição, idade_e...
The document does not appear to be in UTF-8 encoding.
Try adding \UseRawInputEncoding as the first line of the file
or specify an encoding such as \usepackage [latin1]{inputenc}
in the document preamble.
Alternatively, save the file in UTF-8 using your editor or another tool


./02-texto/6-povoamento.tex:23: LaTeX Error: Invalid UTF-8 byte sequence (�\expandafter).

See the LaTeX manual or LaTeX Companion for explanation.
Type  H <return>  for immediate help.
 ...                                              
                                                  
l.23 ...abricante, designação, data_aquisição,
                                                   idade_equipamento, contac...
The document does not appear to be in UTF-8 encoding.
Try adding \UseRawInputEncoding as the first line of the file
or specify an encoding such as \usepackage [latin1]{inputenc}
in the document preamble.
Alternatively, save the file in UTF-8 using your editor or another tool


./02-texto/6-povoamento.tex:23: LaTeX Error: Invalid UTF-8 byte "A7.

See the LaTeX manual or LaTeX Companion for explanation.
Type  H <return>  for immediate help.
 ...                                              
                                                  
l.23 ...abricante, designação, data_aquisição,
                                                   idade_equipamento, contac...
The document does not appear to be in UTF-8 encoding.
Try adding \UseRawInputEncoding as the first line of the file
or specify an encoding such as \usepackage [latin1]{inputenc}
in the document preamble.
Alternatively, save the file in UTF-8 using your editor or another tool


./02-texto/6-povoamento.tex:23: LaTeX Error: Invalid UTF-8 byte sequence (�\expandafter).

See the LaTeX manual or LaTeX Companion for explanation.
Type  H <return>  for immediate help.
 ...                                              
                                                  
l.23 ...abricante, designação, data_aquisição,
                                                   idade_equipamento, contac...
The document does not appear to be in UTF-8 encoding.
Try adding \UseRawInputEncoding as the first line of the file
or specify an encoding such as \usepackage [latin1]{inputenc}
in the document preamble.
Alternatively, save the file in UTF-8 using your editor or another tool


./02-texto/6-povoamento.tex:23: LaTeX Error: Invalid UTF-8 byte "A3.

See the LaTeX manual or LaTeX Companion for explanation.
Type  H <return>  for immediate help.
 ...                                              
                                                  
l.23 ...abricante, designação, data_aquisição,
                                                   idade_equipamento, contac...
The document does not appear to be in UTF-8 encoding.
Try adding \UseRawInputEncoding as the first line of the file
or specify an encoding such as \usepackage [latin1]{inputenc}
in the document preamble.
Alternatively, save the file in UTF-8 using your editor or another tool


./02-texto/6-povoamento.tex:24: LaTeX Error: Invalid UTF-8 byte sequence (�\expandafter).

See the LaTeX manual or LaTeX Companion for explanation.
Type  H <return>  for immediate help.
 ...                                              
                                                  
l.24 ...racional', 'Ventilador Pulmonar Avançado'
                                                  , 'Draeger', 'Evita V500',...
The document does not appear to be in UTF-8 encoding.
Try adding \UseRawInputEncoding as the first line of the file
or specify an encoding such as \usepackage [latin1]{inputenc}
in the document preamble.
Alternatively, save the file in UTF-8 using your editor or another tool


./02-texto/6-povoamento.tex:24: LaTeX Error: Invalid UTF-8 byte "A7.

See the LaTeX manual or LaTeX Companion for explanation.
Type  H <return>  for immediate help.
 ...                                              
                                                  
l.24 ...racional', 'Ventilador Pulmonar Avançado'
                                                  , 'Draeger', 'Evita V500',...
The document does not appear to be in UTF-8 encoding.
Try adding \UseRawInputEncoding as the first line of the file
or specify an encoding such as \usepackage [latin1]{inputenc}
in the document preamble.
Alternatively, save the file in UTF-8 using your editor or another tool


./02-texto/6-povoamento.tex:25: LaTeX Error: Invalid UTF-8 byte sequence (�\expandafter).

See the LaTeX manual or LaTeX Companion for explanation.
Type  H <return>  for immediate help.
 ...                                              
                                                  
l.25 (2, 'Operacional', 'Ecógrafo 
                                   Portátil 4D', 'GE Healthcare', 'Vivid iq...
The document does not appear to be in UTF-8 encoding.
Try adding \UseRawInputEncoding as the first line of the file
or specify an encoding such as \usepackage [latin1]{inputenc}
in the document preamble.
Alternatively, save the file in UTF-8 using your editor or another tool


./02-texto/6-povoamento.tex:25: LaTeX Error: Invalid UTF-8 byte "B3.

See the LaTeX manual or LaTeX Companion for explanation.
Type  H <return>  for immediate help.
 ...                                              
                                                  
l.25 (2, 'Operacional', 'Ecógrafo 
                                   Portátil 4D', 'GE Healthcare', 'Vivid iq...
The document does not appear to be in UTF-8 encoding.
Try adding \UseRawInputEncoding as the first line of the file
or specify an encoding such as \usepackage [latin1]{inputenc}
in the document preamble.
Alternatively, save the file in UTF-8 using your editor or another tool


./02-texto/6-povoamento.tex:25: LaTeX Error: Invalid UTF-8 byte sequence (�\expandafter).

See the LaTeX manual or LaTeX Companion for explanation.
Type  H <return>  for immediate help.
 ...                                              
                                                  
l.25 (2, 'Operacional', 'Ecógrafo Portátil 
                                             4D', 'GE Healthcare', 'Vivid iq...
The document does not appear to be in UTF-8 encoding.
Try adding \UseRawInputEncoding as the first line of the file
or specify an encoding such as \usepackage [latin1]{inputenc}
in the document preamble.
Alternatively, save the file in UTF-8 using your editor or another tool


./02-texto/6-povoamento.tex:25: LaTeX Error: Invalid UTF-8 byte "A1.

See the LaTeX manual or LaTeX Companion for explanation.
Type  H <return>  for immediate help.
 ...                                              
                                                  
l.25 (2, 'Operacional', 'Ecógrafo Portátil 
                                             4D', 'GE Healthcare', 'Vivid iq...
The document does not appear to be in UTF-8 encoding.
Try adding \UseRawInputEncoding as the first line of the file
or specify an encoding such as \usepackage [latin1]{inputenc}
in the document preamble.
Alternatively, save the file in UTF-8 using your editor or another tool


./02-texto/6-povoamento.tex:26: LaTeX Error: Invalid UTF-8 byte sequence (�\expandafter).

See the LaTeX manual or LaTeX Companion for explanation.
Type  H <return>  for immediate help.
 ...                                              
                                                  
l.26 (3, 'Em Manutenção'
                          , 'Monitor de Sinais Vitais', 'Philips', 'IntelliV...
The document does not appear to be in UTF-8 encoding.
Try adding \UseRawInputEncoding as the first line of the file
or specify an encoding such as \usepackage [latin1]{inputenc}
in the document preamble.
Alternatively, save the file in UTF-8 using your editor or another tool


./02-texto/6-povoamento.tex:26: LaTeX Error: Invalid UTF-8 byte "A7.

See the LaTeX manual or LaTeX Companion for explanation.
Type  H <return>  for immediate help.
 ...                                              
                                                  
l.26 (3, 'Em Manutenção'
                          , 'Monitor de Sinais Vitais', 'Philips', 'IntelliV...
The document does not appear to be in UTF-8 encoding.
Try adding \UseRawInputEncoding as the first line of the file
or specify an encoding such as \usepackage [latin1]{inputenc}
in the document preamble.
Alternatively, save the file in UTF-8 using your editor or another tool


./02-texto/6-povoamento.tex:26: LaTeX Error: Invalid UTF-8 byte sequence (�\expandafter).

See the LaTeX manual or LaTeX Companion for explanation.
Type  H <return>  for immediate help.
 ...                                              
                                                  
l.26 (3, 'Em Manutenção'
                          , 'Monitor de Sinais Vitais', 'Philips', 'IntelliV...
The document does not appear to be in UTF-8 encoding.
Try adding \UseRawInputEncoding as the first line of the file
or specify an encoding such as \usepackage [latin1]{inputenc}
in the document preamble.
Alternatively, save the file in UTF-8 using your editor or another tool


./02-texto/6-povoamento.tex:26: LaTeX Error: Invalid UTF-8 byte "A3.

See the LaTeX manual or LaTeX Companion for explanation.
Type  H <return>  for immediate help.
 ...                                              
                                                  
l.26 (3, 'Em Manutenção'
                          , 'Monitor de Sinais Vitais', 'Philips', 'IntelliV...
The document does not appear to be in UTF-8 encoding.
Try adding \UseRawInputEncoding as the first line of the file
or specify an encoding such as \usepackage [latin1]{inputenc}
in the document preamble.
Alternatively, save the file in UTF-8 using your editor or another tool


./02-texto/6-povoamento.tex:27: LaTeX Error: Invalid UTF-8 byte sequence (�\expandafter).

See the LaTeX manual or LaTeX Companion for explanation.
Type  H <return>  for immediate help.
 ...                                              
                                                  
l.27 ...Operacional', 'Desfibrilhador Automático'
                                                  , 'Zoll', 'R Series', '202...
The document does not appear to be in UTF-8 encoding.
Try adding \UseRawInputEncoding as the first line of the file
or specify an encoding such as \usepackage [latin1]{inputenc}
in the document preamble.
Alternatively, save the file in UTF-8 using your editor or another tool


./02-texto/6-povoamento.tex:27: LaTeX Error: Invalid UTF-8 byte "A1.

See the LaTeX manual or LaTeX Companion for explanation.
Type  H <return>  for immediate help.
 ...                                              
                                                  
l.27 ...Operacional', 'Desfibrilhador Automático'
                                                  , 'Zoll', 'R Series', '202...
The document does not appear to be in UTF-8 encoding.
Try adding \UseRawInputEncoding as the first line of the file
or specify an encoding such as \usepackage [latin1]{inputenc}
in the document preamble.
Alternatively, save the file in UTF-8 using your editor or another tool


./02-texto/6-povoamento.tex:28: LaTeX Error: Invalid UTF-8 byte sequence (�\expandafter).

See the LaTeX manual or LaTeX Companion for explanation.
Type  H <return>  for immediate help.
 ...                                              
                                                  
l.28 (5, 'Avariado', 'Bomba de Infusão 
                                        Contínua', 'B. Braun', 'Infusomat P...
The document does not appear to be in UTF-8 encoding.
Try adding \UseRawInputEncoding as the first line of the file
or specify an encoding such as \usepackage [latin1]{inputenc}
in the document preamble.
Alternatively, save the file in UTF-8 using your editor or another tool


./02-texto/6-povoamento.tex:28: LaTeX Error: Invalid UTF-8 byte "A3.

See the LaTeX manual or LaTeX Companion for explanation.
Type  H <return>  for immediate help.
 ...                                              
                                                  
l.28 (5, 'Avariado', 'Bomba de Infusão 
                                        Contínua', 'B. Braun', 'Infusomat P...
The document does not appear to be in UTF-8 encoding.
Try adding \UseRawInputEncoding as the first line of the file
or specify an encoding such as \usepackage [latin1]{inputenc}
in the document preamble.
Alternatively, save the file in UTF-8 using your editor or another tool


./02-texto/6-povoamento.tex:28: LaTeX Error: Invalid UTF-8 byte sequence (�\expandafter).

See the LaTeX manual or LaTeX Companion for explanation.
Type  H <return>  for immediate help.
 ...                                              
                                                  
l.28 (5, 'Avariado', 'Bomba de Infusão Contínua'
                                                  , 'B. Braun', 'Infusomat P...
The document does not appear to be in UTF-8 encoding.
Try adding \UseRawInputEncoding as the first line of the file
or specify an encoding such as \usepackage [latin1]{inputenc}
in the document preamble.
Alternatively, save the file in UTF-8 using your editor or another tool


./02-texto/6-povoamento.tex:28: LaTeX Error: Invalid UTF-8 byte "AD.

See the LaTeX manual or LaTeX Companion for explanation.
Type  H <return>  for immediate help.
 ...                                              
                                                  
l.28 (5, 'Avariado', 'Bomba de Infusão Contínua'
                                                  , 'B. Braun', 'Infusomat P...
The document does not appear to be in UTF-8 encoding.
Try adding \UseRawInputEncoding as the first line of the file
or specify an encoding such as \usepackage [latin1]{inputenc}
in the document preamble.
Alternatively, save the file in UTF-8 using your editor or another tool


./02-texto/6-povoamento.tex:29: LaTeX Error: Invalid UTF-8 byte sequence (�\expandafter).

See the LaTeX manual or LaTeX Companion for explanation.
Type  H <return>  for immediate help.
 ...                                              
                                                  
l.29 (6, 'Operacional', 'Eletrocardiógrafo 
                                            12 Canais', 'Mortara', 'ELI 250'...
The document does not appear to be in UTF-8 encoding.
Try adding \UseRawInputEncoding as the first line of the file
or specify an encoding such as \usepackage [latin1]{inputenc}
in the document preamble.
Alternatively, save the file in UTF-8 using your editor or another tool


./02-texto/6-povoamento.tex:29: LaTeX Error: Invalid UTF-8 byte "B3.

See the LaTeX manual or LaTeX Companion for explanation.
Type  H <return>  for immediate help.
 ...                                              
                                                  
l.29 (6, 'Operacional', 'Eletrocardiógrafo 
                                            12 Canais', 'Mortara', 'ELI 250'...
The document does not appear to be in UTF-8 encoding.
Try adding \UseRawInputEncoding as the first line of the file
or specify an encoding such as \usepackage [latin1]{inputenc}
in the document preamble.
Alternatively, save the file in UTF-8 using your editor or another tool


./02-texto/6-povoamento.tex:30: LaTeX Error: Invalid UTF-8 byte sequence (�\expandafter).

See the LaTeX manual or LaTeX Companion for explanation.
Type  H <return>  for immediate help.
 ...                                              
                                                  
l.30 (7, 'Operacional', 'Aspirador de Secreções 
                                                  Hospitalar', 'Medela', 'Do...
The document does not appear to be in UTF-8 encoding.
Try adding \UseRawInputEncoding as the first line of the file
or specify an encoding such as \usepackage [latin1]{inputenc}
in the document preamble.
Alternatively, save the file in UTF-8 using your editor or another tool


./02-texto/6-povoamento.tex:30: LaTeX Error: Invalid UTF-8 byte "A7.

See the LaTeX manual or LaTeX Companion for explanation.
Type  H <return>  for immediate help.
 ...                                              
                                                  
l.30 (7, 'Operacional', 'Aspirador de Secreções 
                                                  Hospitalar', 'Medela', 'Do...
The document does not appear to be in UTF-8 encoding.
Try adding \UseRawInputEncoding as the first line of the file
or specify an encoding such as \usepackage [latin1]{inputenc}
in the document preamble.
Alternatively, save the file in UTF-8 using your editor or another tool


./02-texto/6-povoamento.tex:30: LaTeX Error: Invalid UTF-8 byte sequence (�\expandafter).

See the LaTeX manual or LaTeX Companion for explanation.
Type  H <return>  for immediate help.
 ...                                              
                                                  
l.30 (7, 'Operacional', 'Aspirador de Secreções 
                                                  Hospitalar', 'Medela', 'Do...
The document does not appear to be in UTF-8 encoding.
Try adding \UseRawInputEncoding as the first line of the file
or specify an encoding such as \usepackage [latin1]{inputenc}
in the document preamble.
Alternatively, save the file in UTF-8 using your editor or another tool


./02-texto/6-povoamento.tex:30: LaTeX Error: Invalid UTF-8 byte "B5.

See the LaTeX manual or LaTeX Companion for explanation.
Type  H <return>  for immediate help.
 ...                                              
                                                  
l.30 (7, 'Operacional', 'Aspirador de Secreções 
                                                  Hospitalar', 'Medela', 'Do...
The document does not appear to be in UTF-8 encoding.
Try adding \UseRawInputEncoding as the first line of the file
or specify an encoding such as \usepackage [latin1]{inputenc}
in the document preamble.
Alternatively, save the file in UTF-8 using your editor or another tool


./02-texto/6-povoamento.tex:31: LaTeX Error: Invalid UTF-8 byte sequence (�\expandafter).

See the LaTeX manual or LaTeX Companion for explanation.
Type  H <return>  for immediate help.
 ...                                              
                                                  
l.31 (8, 'Em Manutenção'
                          , 'Oximetro de Pulso de Mesa', 'Masimo', 'Rad-97',...
The document does not appear to be in UTF-8 encoding.
Try adding \UseRawInputEncoding as the first line of the file
or specify an encoding such as \usepackage [latin1]{inputenc}
in the document preamble.
Alternatively, save the file in UTF-8 using your editor or another tool


./02-texto/6-povoamento.tex:31: LaTeX Error: Invalid UTF-8 byte "A7.

See the LaTeX manual or LaTeX Companion for explanation.
Type  H <return>  for immediate help.
 ...                                              
                                                  
l.31 (8, 'Em Manutenção'
                          , 'Oximetro de Pulso de Mesa', 'Masimo', 'Rad-97',...
The document does not appear to be in UTF-8 encoding.
Try adding \UseRawInputEncoding as the first line of the file
or specify an encoding such as \usepackage [latin1]{inputenc}
in the document preamble.
Alternatively, save the file in UTF-8 using your editor or another tool


./02-texto/6-povoamento.tex:31: LaTeX Error: Invalid UTF-8 byte sequence (�\expandafter).

See the LaTeX manual or LaTeX Companion for explanation.
Type  H <return>  for immediate help.
 ...                                              
                                                  
l.31 (8, 'Em Manutenção'
                          , 'Oximetro de Pulso de Mesa', 'Masimo', 'Rad-97',...
The document does not appear to be in UTF-8 encoding.
Try adding \UseRawInputEncoding as the first line of the file
or specify an encoding such as \usepackage [latin1]{inputenc}
in the document preamble.
Alternatively, save the file in UTF-8 using your editor or another tool


./02-texto/6-povoamento.tex:31: LaTeX Error: Invalid UTF-8 byte "A3.

See the LaTeX manual or LaTeX Companion for explanation.
Type  H <return>  for immediate help.
 ...                                              
                                                  
l.31 (8, 'Em Manutenção'
                          , 'Oximetro de Pulso de Mesa', 'Masimo', 'Rad-97',...
The document does not appear to be in UTF-8 encoding.
Try adding \UseRawInputEncoding as the first line of the file
or specify an encoding such as \usepackage [latin1]{inputenc}
in the document preamble.
Alternatively, save the file in UTF-8 using your editor or another tool


./02-texto/6-povoamento.tex:32: LaTeX Error: Invalid UTF-8 byte sequence (�\expandafter).

See the LaTeX manual or LaTeX Companion for explanation.
Type  H <return>  for immediate help.
 ...                                              
                                                  
l.32 (9, 'Operacional', 'Termómetro 
                                     de Infravermelhos Pro', 'Welch Allyn', ...
The document does not appear to be in UTF-8 encoding.
Try adding \UseRawInputEncoding as the first line of the file
or specify an encoding such as \usepackage [latin1]{inputenc}
in the document preamble.
Alternatively, save the file in UTF-8 using your editor or another tool


./02-texto/6-povoamento.tex:32: LaTeX Error: Invalid UTF-8 byte "B3.

See the LaTeX manual or LaTeX Companion for explanation.
Type  H <return>  for immediate help.
 ...                                              
                                                  
l.32 (9, 'Operacional', 'Termómetro 
                                     de Infravermelhos Pro', 'Welch Allyn', ...
The document does not appear to be in UTF-8 encoding.
Try adding \UseRawInputEncoding as the first line of the file
or specify an encoding such as \usepackage [latin1]{inputenc}
in the document preamble.
Alternatively, save the file in UTF-8 using your editor or another tool


./02-texto/6-povoamento.tex:33: LaTeX Error: Invalid UTF-8 byte sequence (�\expandafter).

See the LaTeX manual or LaTeX Companion for explanation.
Type  H <return>  for immediate help.
 ...                                              
                                                  
l.33 (10, 'Operacional', 'Esfigmomanómetro 
                                            Digital', 'Omron', 'HBP-1320', '...
The document does not appear to be in UTF-8 encoding.
Try adding \UseRawInputEncoding as the first line of the file
or specify an encoding such as \usepackage [latin1]{inputenc}
in the document preamble.
Alternatively, save the file in UTF-8 using your editor or another tool


./02-texto/6-povoamento.tex:33: LaTeX Error: Invalid UTF-8 byte "B3.

See the LaTeX manual or LaTeX Companion for explanation.
Type  H <return>  for immediate help.
 ...                                              
                                                  
l.33 (10, 'Operacional', 'Esfigmomanómetro 
                                            Digital', 'Omron', 'HBP-1320', '...
The document does not appear to be in UTF-8 encoding.
Try adding \UseRawInputEncoding as the first line of the file
or specify an encoding such as \usepackage [latin1]{inputenc}
in the document preamble.
Alternatively, save the file in UTF-8 using your editor or another tool

[13

]

./02-texto/6-povoamento.tex:40: LaTeX Error: Invalid UTF-8 byte sequence (�\expandafter).

See the LaTeX manual or LaTeX Companion for explanation.
Type  H <return>  for immediate help.
 ...                                              
                                                  
l.40 ...partamento (id_departamento, designação,
                                                   descrição, id_responsá...
The document does not appear to be in UTF-8 encoding.
Try adding \UseRawInputEncoding as the first line of the file
or specify an encoding such as \usepackage [latin1]{inputenc}
in the document preamble.
Alternatively, save the file in UTF-8 using your editor or another tool


./02-texto/6-povoamento.tex:40: LaTeX Error: Invalid UTF-8 byte "A7.

See the LaTeX manual or LaTeX Companion for explanation.
Type  H <return>  for immediate help.
 ...                                              
                                                  
l.40 ...partamento (id_departamento, designação,
                                                   descrição, id_responsá...
The document does not appear to be in UTF-8 encoding.
Try adding \UseRawInputEncoding as the first line of the file
or specify an encoding such as \usepackage [latin1]{inputenc}
in the document preamble.
Alternatively, save the file in UTF-8 using your editor or another tool


./02-texto/6-povoamento.tex:40: LaTeX Error: Invalid UTF-8 byte sequence (�\expandafter).

See the LaTeX manual or LaTeX Companion for explanation.
Type  H <return>  for immediate help.
 ...                                              
                                                  
l.40 ...partamento (id_departamento, designação,
                                                   descrição, id_responsá...
The document does not appear to be in UTF-8 encoding.
Try adding \UseRawInputEncoding as the first line of the file
or specify an encoding such as \usepackage [latin1]{inputenc}
in the document preamble.
Alternatively, save the file in UTF-8 using your editor or another tool


./02-texto/6-povoamento.tex:40: LaTeX Error: Invalid UTF-8 byte "A3.

See the LaTeX manual or LaTeX Companion for explanation.
Type  H <return>  for immediate help.
 ...                                              
                                                  
l.40 ...partamento (id_departamento, designação,
                                                   descrição, id_responsá...
The document does not appear to be in UTF-8 encoding.
Try adding \UseRawInputEncoding as the first line of the file
or specify an encoding such as \usepackage [latin1]{inputenc}
in the document preamble.
Alternatively, save the file in UTF-8 using your editor or another tool


./02-texto/6-povoamento.tex:40: LaTeX Error: Invalid UTF-8 byte sequence (�\expandafter).

See the LaTeX manual or LaTeX Companion for explanation.
Type  H <return>  for immediate help.
 ...                                              
                                                  
l.40 ...d_departamento, designação, descrição,
                                                   id_responsável) VALUES
The document does not appear to be in UTF-8 encoding.
Try adding \UseRawInputEncoding as the first line of the file
or specify an encoding such as \usepackage [latin1]{inputenc}
in the document preamble.
Alternatively, save the file in UTF-8 using your editor or another tool


./02-texto/6-povoamento.tex:40: LaTeX Error: Invalid UTF-8 byte "A7.

See the LaTeX manual or LaTeX Companion for explanation.
Type  H <return>  for immediate help.
 ...                                              
                                                  
l.40 ...d_departamento, designação, descrição,
                                                   id_responsável) VALUES
The document does not appear to be in UTF-8 encoding.
Try adding \UseRawInputEncoding as the first line of the file
or specify an encoding such as \usepackage [latin1]{inputenc}
in the document preamble.
Alternatively, save the file in UTF-8 using your editor or another tool


./02-texto/6-povoamento.tex:40: LaTeX Error: Invalid UTF-8 byte sequence (�\expandafter).

See the LaTeX manual or LaTeX Companion for explanation.
Type  H <return>  for immediate help.
 ...                                              
                                                  
l.40 ...d_departamento, designação, descrição,
                                                   id_responsável) VALUES
The document does not appear to be in UTF-8 encoding.
Try adding \UseRawInputEncoding as the first line of the file
or specify an encoding such as \usepackage [latin1]{inputenc}
in the document preamble.
Alternatively, save the file in UTF-8 using your editor or another tool


./02-texto/6-povoamento.tex:40: LaTeX Error: Invalid UTF-8 byte "A3.

See the LaTeX manual or LaTeX Companion for explanation.
Type  H <return>  for immediate help.
 ...                                              
                                                  
l.40 ...d_departamento, designação, descrição,
                                                   id_responsável) VALUES
The document does not appear to be in UTF-8 encoding.
Try adding \UseRawInputEncoding as the first line of the file
or specify an encoding such as \usepackage [latin1]{inputenc}
in the document preamble.
Alternatively, save the file in UTF-8 using your editor or another tool


./02-texto/6-povoamento.tex:40: LaTeX Error: Invalid UTF-8 byte sequence (�\expandafter).

See the LaTeX manual or LaTeX Companion for explanation.
Type  H <return>  for immediate help.
 ...                                              
                                                  
l.40 ...esignação, descrição, id_responsável)
                                                   VALUES
The document does not appear to be in UTF-8 encoding.
Try adding \UseRawInputEncoding as the first line of the file
or specify an encoding such as \usepackage [latin1]{inputenc}
in the document preamble.
Alternatively, save the file in UTF-8 using your editor or another tool


./02-texto/6-povoamento.tex:40: LaTeX Error: Invalid UTF-8 byte "A1.

See the LaTeX manual or LaTeX Companion for explanation.
Type  H <return>  for immediate help.
 ...                                              
                                                  
l.40 ...esignação, descrição, id_responsável)
                                                   VALUES
The document does not appear to be in UTF-8 encoding.
Try adding \UseRawInputEncoding as the first line of the file
or specify an encoding such as \usepackage [latin1]{inputenc}
in the document preamble.
Alternatively, save the file in UTF-8 using your editor or another tool


./02-texto/6-povoamento.tex:41: LaTeX Error: Invalid UTF-8 byte sequence (�\expandafter).

See the LaTeX manual or LaTeX Companion for explanation.
Type  H <return>  for immediate help.
 ...                                              
                                                  
l.41 ...ia', 'Unidade de cuidados e diagnósticos 
                                                  cardíacos', 1),
The document does not appear to be in UTF-8 encoding.
Try adding \UseRawInputEncoding as the first line of the file
or specify an encoding such as \usepackage [latin1]{inputenc}
in the document preamble.
Alternatively, save the file in UTF-8 using your editor or another tool


./02-texto/6-povoamento.tex:41: LaTeX Error: Invalid UTF-8 byte "B3.

See the LaTeX manual or LaTeX Companion for explanation.
Type  H <return>  for immediate help.
 ...                                              
                                                  
l.41 ...ia', 'Unidade de cuidados e diagnósticos 
                                                  cardíacos', 1),
The document does not appear to be in UTF-8 encoding.
Try adding \UseRawInputEncoding as the first line of the file
or specify an encoding such as \usepackage [latin1]{inputenc}
in the document preamble.
Alternatively, save the file in UTF-8 using your editor or another tool


./02-texto/6-povoamento.tex:41: LaTeX Error: Invalid UTF-8 byte sequence (�\expandafter).

See the LaTeX manual or LaTeX Companion for explanation.
Type  H <return>  for immediate help.
 ...                                              
                                                  
l.41 ...de de cuidados e diagnósticos cardíacos'
                                                  , 1),
The document does not appear to be in UTF-8 encoding.
Try adding \UseRawInputEncoding as the first line of the file
or specify an encoding such as \usepackage [latin1]{inputenc}
in the document preamble.
Alternatively, save the file in UTF-8 using your editor or another tool


./02-texto/6-povoamento.tex:41: LaTeX Error: Invalid UTF-8 byte "AD.

See the LaTeX manual or LaTeX Companion for explanation.
Type  H <return>  for immediate help.
 ...                                              
                                                  
l.41 ...de de cuidados e diagnósticos cardíacos'
                                                  , 1),
The document does not appear to be in UTF-8 encoding.
Try adding \UseRawInputEncoding as the first line of the file
or specify an encoding such as \usepackage [latin1]{inputenc}
in the document preamble.
Alternatively, save the file in UTF-8 using your editor or another tool


./02-texto/6-povoamento.tex:42: LaTeX Error: Invalid UTF-8 byte sequence (�\expandafter).

See the LaTeX manual or LaTeX Companion for explanation.
Type  H <return>  for immediate help.
 ...                                              
                                                  
l.42 (2, 'Imagiologia', 'Serviço 
                                  de exames radiológicos e ecografias', 4),
The document does not appear to be in UTF-8 encoding.
Try adding \UseRawInputEncoding as the first line of the file
or specify an encoding such as \usepackage [latin1]{inputenc}
in the document preamble.
Alternatively, save the file in UTF-8 using your editor or another tool


./02-texto/6-povoamento.tex:42: LaTeX Error: Invalid UTF-8 byte "A7.

See the LaTeX manual or LaTeX Companion for explanation.
Type  H <return>  for immediate help.
 ...                                              
                                                  
l.42 (2, 'Imagiologia', 'Serviço 
                                  de exames radiológicos e ecografias', 4),
The document does not appear to be in UTF-8 encoding.
Try adding \UseRawInputEncoding as the first line of the file
or specify an encoding such as \usepackage [latin1]{inputenc}
in the document preamble.
Alternatively, save the file in UTF-8 using your editor or another tool


./02-texto/6-povoamento.tex:42: LaTeX Error: Invalid UTF-8 byte sequence (�\expandafter).

See the LaTeX manual or LaTeX Companion for explanation.
Type  H <return>  for immediate help.
 ...                                              
                                                  
l.42 ...logia', 'Serviço de exames radiológicos 
                                                  e ecografias', 4),
The document does not appear to be in UTF-8 encoding.
Try adding \UseRawInputEncoding as the first line of the file
or specify an encoding such as \usepackage [latin1]{inputenc}
in the document preamble.
Alternatively, save the file in UTF-8 using your editor or another tool


./02-texto/6-povoamento.tex:42: LaTeX Error: Invalid UTF-8 byte "B3.

See the LaTeX manual or LaTeX Companion for explanation.
Type  H <return>  for immediate help.
 ...                                              
                                                  
l.42 ...logia', 'Serviço de exames radiológicos 
                                                  e ecografias', 4),
The document does not appear to be in UTF-8 encoding.
Try adding \UseRawInputEncoding as the first line of the file
or specify an encoding such as \usepackage [latin1]{inputenc}
in the document preamble.
Alternatively, save the file in UTF-8 using your editor or another tool


./02-texto/6-povoamento.tex:43: LaTeX Error: Invalid UTF-8 byte sequence (�\expandafter).

See the LaTeX manual or LaTeX Companion for explanation.
Type  H <return>  for immediate help.
 ...                                              
                                                  
l.43 (3, 'Urgências'
                     , 'Atendimento permanente de cuidados agudos', 2),
The document does not appear to be in UTF-8 encoding.
Try adding \UseRawInputEncoding as the first line of the file
or specify an encoding such as \usepackage [latin1]{inputenc}
in the document preamble.
Alternatively, save the file in UTF-8 using your editor or another tool


./02-texto/6-povoamento.tex:43: LaTeX Error: Invalid UTF-8 byte "AA.

See the LaTeX manual or LaTeX Companion for explanation.
Type  H <return>  for immediate help.
 ...                                              
                                                  
l.43 (3, 'Urgências'
                     , 'Atendimento permanente de cuidados agudos', 2),
The document does not appear to be in UTF-8 encoding.
Try adding \UseRawInputEncoding as the first line of the file
or specify an encoding such as \usepackage [latin1]{inputenc}
in the document preamble.
Alternatively, save the file in UTF-8 using your editor or another tool


./02-texto/6-povoamento.tex:44: LaTeX Error: Invalid UTF-8 byte sequence (�\expandafter).

See the LaTeX manual or LaTeX Companion for explanation.
Type  H <return>  for immediate help.
 ...                                              
                                                  
l.44 (4, 'Manutenção 
                       Técnica', 'Gestão de infraestruturas e biomédica',...
The document does not appear to be in UTF-8 encoding.
Try adding \UseRawInputEncoding as the first line of the file
or specify an encoding such as \usepackage [latin1]{inputenc}
in the document preamble.
Alternatively, save the file in UTF-8 using your editor or another tool


./02-texto/6-povoamento.tex:44: LaTeX Error: Invalid UTF-8 byte "A7.

See the LaTeX manual or LaTeX Companion for explanation.
Type  H <return>  for immediate help.
 ...                                              
                                                  
l.44 (4, 'Manutenção 
                       Técnica', 'Gestão de infraestruturas e biomédica',...
The document does not appear to be in UTF-8 encoding.
Try adding \UseRawInputEncoding as the first line of the file
or specify an encoding such as \usepackage [latin1]{inputenc}
in the document preamble.
Alternatively, save the file in UTF-8 using your editor or another tool


./02-texto/6-povoamento.tex:44: LaTeX Error: Invalid UTF-8 byte sequence (�\expandafter).

See the LaTeX manual or LaTeX Companion for explanation.
Type  H <return>  for immediate help.
 ...                                              
                                                  
l.44 (4, 'Manutenção 
                       Técnica', 'Gestão de infraestruturas e biomédica',...
The document does not appear to be in UTF-8 encoding.
Try adding \UseRawInputEncoding as the first line of the file
or specify an encoding such as \usepackage [latin1]{inputenc}
in the document preamble.
Alternatively, save the file in UTF-8 using your editor or another tool


./02-texto/6-povoamento.tex:44: LaTeX Error: Invalid UTF-8 byte "A3.

See the LaTeX manual or LaTeX Companion for explanation.
Type  H <return>  for immediate help.
 ...                                              
                                                  
l.44 (4, 'Manutenção 
                       Técnica', 'Gestão de infraestruturas e biomédica',...
The document does not appear to be in UTF-8 encoding.
Try adding \UseRawInputEncoding as the first line of the file
or specify an encoding such as \usepackage [latin1]{inputenc}
in the document preamble.
Alternatively, save the file in UTF-8 using your editor or another tool


./02-texto/6-povoamento.tex:44: LaTeX Error: Invalid UTF-8 byte sequence (�\expandafter).

See the LaTeX manual or LaTeX Companion for explanation.
Type  H <return>  for immediate help.
 ...                                              
                                                  
l.44 (4, 'Manutenção Técnica'
                                , 'Gestão de infraestruturas e biomédica',...
The document does not appear to be in UTF-8 encoding.
Try adding \UseRawInputEncoding as the first line of the file
or specify an encoding such as \usepackage [latin1]{inputenc}
in the document preamble.
Alternatively, save the file in UTF-8 using your editor or another tool


./02-texto/6-povoamento.tex:44: LaTeX Error: Invalid UTF-8 byte "A9.

See the LaTeX manual or LaTeX Companion for explanation.
Type  H <return>  for immediate help.
 ...                                              
                                                  
l.44 (4, 'Manutenção Técnica'
                                , 'Gestão de infraestruturas e biomédica',...
The document does not appear to be in UTF-8 encoding.
Try adding \UseRawInputEncoding as the first line of the file
or specify an encoding such as \usepackage [latin1]{inputenc}
in the document preamble.
Alternatively, save the file in UTF-8 using your editor or another tool


./02-texto/6-povoamento.tex:44: LaTeX Error: Invalid UTF-8 byte sequence (�\expandafter).

See the LaTeX manual or LaTeX Companion for explanation.
Type  H <return>  for immediate help.
 ...                                              
                                                  
l.44 (4, 'Manutenção Técnica', 'Gestão 
                                           de infraestruturas e biomédica',...
The document does not appear to be in UTF-8 encoding.
Try adding \UseRawInputEncoding as the first line of the file
or specify an encoding such as \usepackage [latin1]{inputenc}
in the document preamble.
Alternatively, save the file in UTF-8 using your editor or another tool


./02-texto/6-povoamento.tex:44: LaTeX Error: Invalid UTF-8 byte "A3.

See the LaTeX manual or LaTeX Companion for explanation.
Type  H <return>  for immediate help.
 ...                                              
                                                  
l.44 (4, 'Manutenção Técnica', 'Gestão 
                                           de infraestruturas e biomédica',...
The document does not appear to be in UTF-8 encoding.
Try adding \UseRawInputEncoding as the first line of the file
or specify an encoding such as \usepackage [latin1]{inputenc}
in the document preamble.
Alternatively, save the file in UTF-8 using your editor or another tool


./02-texto/6-povoamento.tex:44: LaTeX Error: Invalid UTF-8 byte sequence (�\expandafter).

See the LaTeX manual or LaTeX Companion for explanation.
Type  H <return>  for immediate help.
 ...                                              
                                                  
l.44 ... 'Gestão de infraestruturas e biomédica'
                                                  , 3),
The document does not appear to be in UTF-8 encoding.
Try adding \UseRawInputEncoding as the first line of the file
or specify an encoding such as \usepackage [latin1]{inputenc}
in the document preamble.
Alternatively, save the file in UTF-8 using your editor or another tool


./02-texto/6-povoamento.tex:44: LaTeX Error: Invalid UTF-8 byte "A9.

See the LaTeX manual or LaTeX Companion for explanation.
Type  H <return>  for immediate help.
 ...                                              
                                                  
l.44 ... 'Gestão de infraestruturas e biomédica'
                                                  , 3),
The document does not appear to be in UTF-8 encoding.
Try adding \UseRawInputEncoding as the first line of the file
or specify an encoding such as \usepackage [latin1]{inputenc}
in the document preamble.
Alternatively, save the file in UTF-8 using your editor or another tool


./02-texto/6-povoamento.tex:45: LaTeX Error: Invalid UTF-8 byte sequence (�\expandafter).

See the LaTeX manual or LaTeX Companion for explanation.
Type  H <return>  for immediate help.
 ...                                              
                                                  
l.45 ... Intensivos', 'Unidade de monitorização 
                                                  crítica (UCI)', 5);
The document does not appear to be in UTF-8 encoding.
Try adding \UseRawInputEncoding as the first line of the file
or specify an encoding such as \usepackage [latin1]{inputenc}
in the document preamble.
Alternatively, save the file in UTF-8 using your editor or another tool


./02-texto/6-povoamento.tex:45: LaTeX Error: Invalid UTF-8 byte "A7.

See the LaTeX manual or LaTeX Companion for explanation.
Type  H <return>  for immediate help.
 ...                                              
                                                  
l.45 ... Intensivos', 'Unidade de monitorização 
                                                  crítica (UCI)', 5);
The document does not appear to be in UTF-8 encoding.
Try adding \UseRawInputEncoding as the first line of the file
or specify an encoding such as \usepackage [latin1]{inputenc}
in the document preamble.
Alternatively, save the file in UTF-8 using your editor or another tool


./02-texto/6-povoamento.tex:45: LaTeX Error: Invalid UTF-8 byte sequence (�\expandafter).

See the LaTeX manual or LaTeX Companion for explanation.
Type  H <return>  for immediate help.
 ...                                              
                                                  
l.45 ... Intensivos', 'Unidade de monitorização 
                                                  crítica (UCI)', 5);
The document does not appear to be in UTF-8 encoding.
Try adding \UseRawInputEncoding as the first line of the file
or specify an encoding such as \usepackage [latin1]{inputenc}
in the document preamble.
Alternatively, save the file in UTF-8 using your editor or another tool


./02-texto/6-povoamento.tex:45: LaTeX Error: Invalid UTF-8 byte "A3.

See the LaTeX manual or LaTeX Companion for explanation.
Type  H <return>  for immediate help.
 ...                                              
                                                  
l.45 ... Intensivos', 'Unidade de monitorização 
                                                  crítica (UCI)', 5);
The document does not appear to be in UTF-8 encoding.
Try adding \UseRawInputEncoding as the first line of the file
or specify an encoding such as \usepackage [latin1]{inputenc}
in the document preamble.
Alternatively, save the file in UTF-8 using your editor or another tool


./02-texto/6-povoamento.tex:45: LaTeX Error: Invalid UTF-8 byte sequence (�\expandafter).

See the LaTeX manual or LaTeX Companion for explanation.
Type  H <return>  for immediate help.
 ...                                              
                                                  
l.45 ...os', 'Unidade de monitorização crítica 
                                                  (UCI)', 5);
The document does not appear to be in UTF-8 encoding.
Try adding \UseRawInputEncoding as the first line of the file
or specify an encoding such as \usepackage [latin1]{inputenc}
in the document preamble.
Alternatively, save the file in UTF-8 using your editor or another tool


./02-texto/6-povoamento.tex:45: LaTeX Error: Invalid UTF-8 byte "AD.

See the LaTeX manual or LaTeX Companion for explanation.
Type  H <return>  for immediate help.
 ...                                              
                                                  
l.45 ...os', 'Unidade de monitorização crítica 
                                                  (UCI)', 5);
The document does not appear to be in UTF-8 encoding.
Try adding \UseRawInputEncoding as the first line of the file
or specify an encoding such as \usepackage [latin1]{inputenc}
in the document preamble.
Alternatively, save the file in UTF-8 using your editor or another tool


./02-texto/6-povoamento.tex:64: LaTeX Error: Invalid UTF-8 byte sequence (�\expandafter).

See the LaTeX manual or LaTeX Companion for explanation.
Type  H <return>  for immediate help.
 ...                                              
                                                  
l.64 INSERT INTO Responsável 
                              (id_responsável, nome, data_nascimento, conta...
The document does not appear to be in UTF-8 encoding.
Try adding \UseRawInputEncoding as the first line of the file
or specify an encoding such as \usepackage [latin1]{inputenc}
in the document preamble.
Alternatively, save the file in UTF-8 using your editor or another tool


./02-texto/6-povoamento.tex:64: LaTeX Error: Invalid UTF-8 byte "A1.

See the LaTeX manual or LaTeX Companion for explanation.
Type  H <return>  for immediate help.
 ...                                              
                                                  
l.64 INSERT INTO Responsável 
                              (id_responsável, nome, data_nascimento, conta...
The document does not appear to be in UTF-8 encoding.
Try adding \UseRawInputEncoding as the first line of the file
or specify an encoding such as \usepackage [latin1]{inputenc}
in the document preamble.
Alternatively, save the file in UTF-8 using your editor or another tool


./02-texto/6-povoamento.tex:64: LaTeX Error: Invalid UTF-8 byte sequence (�\expandafter).

See the LaTeX manual or LaTeX Companion for explanation.
Type  H <return>  for immediate help.
 ...                                              
                                                  
l.64 INSERT INTO Responsável (id_responsável,
                                                nome, data_nascimento, conta...
The document does not appear to be in UTF-8 encoding.
Try adding \UseRawInputEncoding as the first line of the file
or specify an encoding such as \usepackage [latin1]{inputenc}
in the document preamble.
Alternatively, save the file in UTF-8 using your editor or another tool


./02-texto/6-povoamento.tex:64: LaTeX Error: Invalid UTF-8 byte "A1.

See the LaTeX manual or LaTeX Companion for explanation.
Type  H <return>  for immediate help.
 ...                                              
                                                  
l.64 INSERT INTO Responsável (id_responsável,
                                                nome, data_nascimento, conta...
The document does not appear to be in UTF-8 encoding.
Try adding \UseRawInputEncoding as the first line of the file
or specify an encoding such as \usepackage [latin1]{inputenc}
in the document preamble.
Alternatively, save the file in UTF-8 using your editor or another tool

[14]

./02-texto/6-povoamento.tex:76: LaTeX Error: Invalid UTF-8 byte sequence (�\expandafter).

See the LaTeX manual or LaTeX Companion for explanation.
Type  H <return>  for immediate help.
 ...                                              
                                                  
l.76 INSERT INTO Ordem de serviço 
                                   (id_ordem, descrição, estado_atual, dat...
The document does not appear to be in UTF-8 encoding.
Try adding \UseRawInputEncoding as the first line of the file
or specify an encoding such as \usepackage [latin1]{inputenc}
in the document preamble.
Alternatively, save the file in UTF-8 using your editor or another tool


./02-texto/6-povoamento.tex:76: LaTeX Error: Invalid UTF-8 byte "A7.

See the LaTeX manual or LaTeX Companion for explanation.
Type  H <return>  for immediate help.
 ...                                              
                                                  
l.76 INSERT INTO Ordem de serviço 
                                   (id_ordem, descrição, estado_atual, dat...
The document does not appear to be in UTF-8 encoding.
Try adding \UseRawInputEncoding as the first line of the file
or specify an encoding such as \usepackage [latin1]{inputenc}
in the document preamble.
Alternatively, save the file in UTF-8 using your editor or another tool


./02-texto/6-povoamento.tex:76: LaTeX Error: Invalid UTF-8 byte sequence (�\expandafter).

See the LaTeX manual or LaTeX Companion for explanation.
Type  H <return>  for immediate help.
 ...                                              
                                                  
l.76 ... Ordem de serviço (id_ordem, descrição,
                                                   estado_atual, data_criaç...
The document does not appear to be in UTF-8 encoding.
Try adding \UseRawInputEncoding as the first line of the file
or specify an encoding such as \usepackage [latin1]{inputenc}
in the document preamble.
Alternatively, save the file in UTF-8 using your editor or another tool


./02-texto/6-povoamento.tex:76: LaTeX Error: Invalid UTF-8 byte "A7.

See the LaTeX manual or LaTeX Companion for explanation.
Type  H <return>  for immediate help.
 ...                                              
                                                  
l.76 ... Ordem de serviço (id_ordem, descrição,
                                                   estado_atual, data_criaç...
The document does not appear to be in UTF-8 encoding.
Try adding \UseRawInputEncoding as the first line of the file
or specify an encoding such as \usepackage [latin1]{inputenc}
in the document preamble.
Alternatively, save the file in UTF-8 using your editor or another tool


./02-texto/6-povoamento.tex:76: LaTeX Error: Invalid UTF-8 byte sequence (�\expandafter).

See the LaTeX manual or LaTeX Companion for explanation.
Type  H <return>  for immediate help.
 ...                                              
                                                  
l.76 ... Ordem de serviço (id_ordem, descrição,
                                                   estado_atual, data_criaç...
The document does not appear to be in UTF-8 encoding.
Try adding \UseRawInputEncoding as the first line of the file
or specify an encoding such as \usepackage [latin1]{inputenc}
in the document preamble.
Alternatively, save the file in UTF-8 using your editor or another tool


./02-texto/6-povoamento.tex:76: LaTeX Error: Invalid UTF-8 byte "A3.

See the LaTeX manual or LaTeX Companion for explanation.
Type  H <return>  for immediate help.
 ...                                              
                                                  
l.76 ... Ordem de serviço (id_ordem, descrição,
                                                   estado_atual, data_criaç...
The document does not appear to be in UTF-8 encoding.
Try adding \UseRawInputEncoding as the first line of the file
or specify an encoding such as \usepackage [latin1]{inputenc}
in the document preamble.
Alternatively, save the file in UTF-8 using your editor or another tool


./02-texto/6-povoamento.tex:76: LaTeX Error: Invalid UTF-8 byte sequence (�\expandafter).

See the LaTeX manual or LaTeX Companion for explanation.
Type  H <return>  for immediate help.
 ...                                              
                                                  
l.76 ...descrição, estado_atual, data_criação,
                                                   prioridade) VALUES
The document does not appear to be in UTF-8 encoding.
Try adding \UseRawInputEncoding as the first line of the file
or specify an encoding such as \usepackage [latin1]{inputenc}
in the document preamble.
Alternatively, save the file in UTF-8 using your editor or another tool


./02-texto/6-povoamento.tex:76: LaTeX Error: Invalid UTF-8 byte "A7.

See the LaTeX manual or LaTeX Companion for explanation.
Type  H <return>  for immediate help.
 ...                                              
                                                  
l.76 ...descrição, estado_atual, data_criação,
                                                   prioridade) VALUES
The document does not appear to be in UTF-8 encoding.
Try adding \UseRawInputEncoding as the first line of the file
or specify an encoding such as \usepackage [latin1]{inputenc}
in the document preamble.
Alternatively, save the file in UTF-8 using your editor or another tool


./02-texto/6-povoamento.tex:76: LaTeX Error: Invalid UTF-8 byte sequence (�\expandafter).

See the LaTeX manual or LaTeX Companion for explanation.
Type  H <return>  for immediate help.
 ...                                              
                                                  
l.76 ...descrição, estado_atual, data_criação,
                                                   prioridade) VALUES
The document does not appear to be in UTF-8 encoding.
Try adding \UseRawInputEncoding as the first line of the file
or specify an encoding such as \usepackage [latin1]{inputenc}
in the document preamble.
Alternatively, save the file in UTF-8 using your editor or another tool


./02-texto/6-povoamento.tex:76: LaTeX Error: Invalid UTF-8 byte "A3.

See the LaTeX manual or LaTeX Companion for explanation.
Type  H <return>  for immediate help.
 ...                                              
                                                  
l.76 ...descrição, estado_atual, data_criação,
                                                   prioridade) VALUES
The document does not appear to be in UTF-8 encoding.
Try adding \UseRawInputEncoding as the first line of the file
or specify an encoding such as \usepackage [latin1]{inputenc}
in the document preamble.
Alternatively, save the file in UTF-8 using your editor or another tool


./02-texto/6-povoamento.tex:77: LaTeX Error: Invalid UTF-8 byte sequence (�\expandafter).

See the LaTeX manual or LaTeX Companion for explanation.
Type  H <return>  for immediate help.
 ...                                              
                                                  
l.77 (1, 'Verificação 
                        anual do ventilador pulmonar', 'Concluída', '2025-0...
The document does not appear to be in UTF-8 encoding.
Try adding \UseRawInputEncoding as the first line of the file
or specify an encoding such as \usepackage [latin1]{inputenc}
in the document preamble.
Alternatively, save the file in UTF-8 using your editor or another tool


./02-texto/6-povoamento.tex:77: LaTeX Error: Invalid UTF-8 byte "A7.

See the LaTeX manual or LaTeX Companion for explanation.
Type  H <return>  for immediate help.
 ...                                              
                                                  
l.77 (1, 'Verificação 
                        anual do ventilador pulmonar', 'Concluída', '2025-0...
The document does not appear to be in UTF-8 encoding.
Try adding \UseRawInputEncoding as the first line of the file
or specify an encoding such as \usepackage [latin1]{inputenc}
in the document preamble.
Alternatively, save the file in UTF-8 using your editor or another tool


./02-texto/6-povoamento.tex:77: LaTeX Error: Invalid UTF-8 byte sequence (�\expandafter).

See the LaTeX manual or LaTeX Companion for explanation.
Type  H <return>  for immediate help.
 ...                                              
                                                  
l.77 (1, 'Verificação 
                        anual do ventilador pulmonar', 'Concluída', '2025-0...
The document does not appear to be in UTF-8 encoding.
Try adding \UseRawInputEncoding as the first line of the file
or specify an encoding such as \usepackage [latin1]{inputenc}
in the document preamble.
Alternatively, save the file in UTF-8 using your editor or another tool


./02-texto/6-povoamento.tex:77: LaTeX Error: Invalid UTF-8 byte "A3.

See the LaTeX manual or LaTeX Companion for explanation.
Type  H <return>  for immediate help.
 ...                                              
                                                  
l.77 (1, 'Verificação 
                        anual do ventilador pulmonar', 'Concluída', '2025-0...
The document does not appear to be in UTF-8 encoding.
Try adding \UseRawInputEncoding as the first line of the file
or specify an encoding such as \usepackage [latin1]{inputenc}
in the document preamble.
Alternatively, save the file in UTF-8 using your editor or another tool


./02-texto/6-povoamento.tex:77: LaTeX Error: Invalid UTF-8 byte sequence (�\expandafter).

See the LaTeX manual or LaTeX Companion for explanation.
Type  H <return>  for immediate help.
 ...                                              
                                                  
l.77 ...nual do ventilador pulmonar', 'Concluída'
                                                  , '2025-01-10', 'Alta'),
The document does not appear to be in UTF-8 encoding.
Try adding \UseRawInputEncoding as the first line of the file
or specify an encoding such as \usepackage [latin1]{inputenc}
in the document preamble.
Alternatively, save the file in UTF-8 using your editor or another tool


./02-texto/6-povoamento.tex:77: LaTeX Error: Invalid UTF-8 byte "AD.

See the LaTeX manual or LaTeX Companion for explanation.
Type  H <return>  for immediate help.
 ...                                              
                                                  
l.77 ...nual do ventilador pulmonar', 'Concluída'
                                                  , '2025-01-10', 'Alta'),
The document does not appear to be in UTF-8 encoding.
Try adding \UseRawInputEncoding as the first line of the file
or specify an encoding such as \usepackage [latin1]{inputenc}
in the document preamble.
Alternatively, save the file in UTF-8 using your editor or another tool


./02-texto/6-povoamento.tex:78: LaTeX Error: Invalid UTF-8 byte sequence (�\expandafter).

See the LaTeX manual or LaTeX Companion for explanation.
Type  H <return>  for immediate help.
 ...                                              
                                                  
l.78 (2, 'Calibração 
                       do ecógrafo portátil', 'Concluída', '2025-02-05', ...
The document does not appear to be in UTF-8 encoding.
Try adding \UseRawInputEncoding as the first line of the file
or specify an encoding such as \usepackage [latin1]{inputenc}
in the document preamble.
Alternatively, save the file in UTF-8 using your editor or another tool


./02-texto/6-povoamento.tex:78: LaTeX Error: Invalid UTF-8 byte "A7.

See the LaTeX manual or LaTeX Companion for explanation.
Type  H <return>  for immediate help.
 ...                                              
                                                  
l.78 (2, 'Calibração 
                       do ecógrafo portátil', 'Concluída', '2025-02-05', ...
The document does not appear to be in UTF-8 encoding.
Try adding \UseRawInputEncoding as the first line of the file
or specify an encoding such as \usepackage [latin1]{inputenc}
in the document preamble.
Alternatively, save the file in UTF-8 using your editor or another tool


./02-texto/6-povoamento.tex:78: LaTeX Error: Invalid UTF-8 byte sequence (�\expandafter).

See the LaTeX manual or LaTeX Companion for explanation.
Type  H <return>  for immediate help.
 ...                                              
                                                  
l.78 (2, 'Calibração 
                       do ecógrafo portátil', 'Concluída', '2025-02-05', ...
The document does not appear to be in UTF-8 encoding.
Try adding \UseRawInputEncoding as the first line of the file
or specify an encoding such as \usepackage [latin1]{inputenc}
in the document preamble.
Alternatively, save the file in UTF-8 using your editor or another tool


./02-texto/6-povoamento.tex:78: LaTeX Error: Invalid UTF-8 byte "A3.

See the LaTeX manual or LaTeX Companion for explanation.
Type  H <return>  for immediate help.
 ...                                              
                                                  
l.78 (2, 'Calibração 
                       do ecógrafo portátil', 'Concluída', '2025-02-05', ...
The document does not appear to be in UTF-8 encoding.
Try adding \UseRawInputEncoding as the first line of the file
or specify an encoding such as \usepackage [latin1]{inputenc}
in the document preamble.
Alternatively, save the file in UTF-8 using your editor or another tool


./02-texto/6-povoamento.tex:78: LaTeX Error: Invalid UTF-8 byte sequence (�\expandafter).

See the LaTeX manual or LaTeX Companion for explanation.
Type  H <return>  for immediate help.
 ...                                              
                                                  
l.78 (2, 'Calibração do ecógrafo 
                                    portátil', 'Concluída', '2025-02-05', ...
The document does not appear to be in UTF-8 encoding.
Try adding \UseRawInputEncoding as the first line of the file
or specify an encoding such as \usepackage [latin1]{inputenc}
in the document preamble.
Alternatively, save the file in UTF-8 using your editor or another tool


./02-texto/6-povoamento.tex:78: LaTeX Error: Invalid UTF-8 byte "B3.

See the LaTeX manual or LaTeX Companion for explanation.
Type  H <return>  for immediate help.
 ...                                              
                                                  
l.78 (2, 'Calibração do ecógrafo 
                                    portátil', 'Concluída', '2025-02-05', ...
The document does not appear to be in UTF-8 encoding.
Try adding \UseRawInputEncoding as the first line of the file
or specify an encoding such as \usepackage [latin1]{inputenc}
in the document preamble.
Alternatively, save the file in UTF-8 using your editor or another tool


./02-texto/6-povoamento.tex:78: LaTeX Error: Invalid UTF-8 byte sequence (�\expandafter).

See the LaTeX manual or LaTeX Companion for explanation.
Type  H <return>  for immediate help.
 ...                                              
                                                  
l.78 (2, 'Calibração do ecógrafo portátil'
                                              , 'Concluída', '2025-02-05', ...
The document does not appear to be in UTF-8 encoding.
Try adding \UseRawInputEncoding as the first line of the file
or specify an encoding such as \usepackage [latin1]{inputenc}
in the document preamble.
Alternatively, save the file in UTF-8 using your editor or another tool


./02-texto/6-povoamento.tex:78: LaTeX Error: Invalid UTF-8 byte "A1.

See the LaTeX manual or LaTeX Companion for explanation.
Type  H <return>  for immediate help.
 ...                                              
                                                  
l.78 (2, 'Calibração do ecógrafo portátil'
                                              , 'Concluída', '2025-02-05', ...
The document does not appear to be in UTF-8 encoding.
Try adding \UseRawInputEncoding as the first line of the file
or specify an encoding such as \usepackage [latin1]{inputenc}
in the document preamble.
Alternatively, save the file in UTF-8 using your editor or another tool


./02-texto/6-povoamento.tex:78: LaTeX Error: Invalid UTF-8 byte sequence (�\expandafter).

See the LaTeX manual or LaTeX Companion for explanation.
Type  H <return>  for immediate help.
 ...                                              
                                                  
l.78 ...�ão do ecógrafo portátil', 'Concluída'
                                                  , '2025-02-05', 'Média'),
The document does not appear to be in UTF-8 encoding.
Try adding \UseRawInputEncoding as the first line of the file
or specify an encoding such as \usepackage [latin1]{inputenc}
in the document preamble.
Alternatively, save the file in UTF-8 using your editor or another tool


./02-texto/6-povoamento.tex:78: LaTeX Error: Invalid UTF-8 byte "AD.

See the LaTeX manual or LaTeX Companion for explanation.
Type  H <return>  for immediate help.
 ...                                              
                                                  
l.78 ...�ão do ecógrafo portátil', 'Concluída'
                                                  , '2025-02-05', 'Média'),
The document does not appear to be in UTF-8 encoding.
Try adding \UseRawInputEncoding as the first line of the file
or specify an encoding such as \usepackage [latin1]{inputenc}
in the document preamble.
Alternatively, save the file in UTF-8 using your editor or another tool


./02-texto/6-povoamento.tex:78: LaTeX Error: Invalid UTF-8 byte sequence (�\expandafter).

See the LaTeX manual or LaTeX Companion for explanation.
Type  H <return>  for immediate help.
 ...                                              
                                                  
l.78 ...til', 'Concluída', '2025-02-05', 'Média'
                                                  ),
The document does not appear to be in UTF-8 encoding.
Try adding \UseRawInputEncoding as the first line of the file
or specify an encoding such as \usepackage [latin1]{inputenc}
in the document preamble.
Alternatively, save the file in UTF-8 using your editor or another tool


./02-texto/6-povoamento.tex:78: LaTeX Error: Invalid UTF-8 byte "A9.

See the LaTeX manual or LaTeX Companion for explanation.
Type  H <return>  for immediate help.
 ...                                              
                                                  
l.78 ...til', 'Concluída', '2025-02-05', 'Média'
                                                  ),
The document does not appear to be in UTF-8 encoding.
Try adding \UseRawInputEncoding as the first line of the file
or specify an encoding such as \usepackage [latin1]{inputenc}
in the document preamble.
Alternatively, save the file in UTF-8 using your editor or another tool


./02-texto/6-povoamento.tex:79: LaTeX Error: Invalid UTF-8 byte sequence (�\expandafter).

See the LaTeX manual or LaTeX Companion for explanation.
Type  H <return>  for immediate help.
 ...                                              
                                                  
l.79 (3, 'Reparação 
                      do monitor de sinais vitais', 'Em Curso', '2025-03-01'...
The document does not appear to be in UTF-8 encoding.
Try adding \UseRawInputEncoding as the first line of the file
or specify an encoding such as \usepackage [latin1]{inputenc}
in the document preamble.
Alternatively, save the file in UTF-8 using your editor or another tool


./02-texto/6-povoamento.tex:79: LaTeX Error: Invalid UTF-8 byte "A7.

See the LaTeX manual or LaTeX Companion for explanation.
Type  H <return>  for immediate help.
 ...                                              
                                                  
l.79 (3, 'Reparação 
                      do monitor de sinais vitais', 'Em Curso', '2025-03-01'...
The document does not appear to be in UTF-8 encoding.
Try adding \UseRawInputEncoding as the first line of the file
or specify an encoding such as \usepackage [latin1]{inputenc}
in the document preamble.
Alternatively, save the file in UTF-8 using your editor or another tool


./02-texto/6-povoamento.tex:79: LaTeX Error: Invalid UTF-8 byte sequence (�\expandafter).

See the LaTeX manual or LaTeX Companion for explanation.
Type  H <return>  for immediate help.
 ...                                              
                                                  
l.79 (3, 'Reparação 
                      do monitor de sinais vitais', 'Em Curso', '2025-03-01'...
The document does not appear to be in UTF-8 encoding.
Try adding \UseRawInputEncoding as the first line of the file
or specify an encoding such as \usepackage [latin1]{inputenc}
in the document preamble.
Alternatively, save the file in UTF-8 using your editor or another tool


./02-texto/6-povoamento.tex:79: LaTeX Error: Invalid UTF-8 byte "A3.

See the LaTeX manual or LaTeX Companion for explanation.
Type  H <return>  for immediate help.
 ...                                              
                                                  
l.79 (3, 'Reparação 
                      do monitor de sinais vitais', 'Em Curso', '2025-03-01'...
The document does not appear to be in UTF-8 encoding.
Try adding \UseRawInputEncoding as the first line of the file
or specify an encoding such as \usepackage [latin1]{inputenc}
in the document preamble.
Alternatively, save the file in UTF-8 using your editor or another tool


./02-texto/6-povoamento.tex:80: LaTeX Error: Invalid UTF-8 byte sequence (�\expandafter).

See the LaTeX manual or LaTeX Companion for explanation.
Type  H <return>  for immediate help.
 ...                                              
                                                  
l.80 (4, 'Substituição 
                         de bateria do desfibrilhador', 'Concluída', '2025-...
The document does not appear to be in UTF-8 encoding.
Try adding \UseRawInputEncoding as the first line of the file
or specify an encoding such as \usepackage [latin1]{inputenc}
in the document preamble.
Alternatively, save the file in UTF-8 using your editor or another tool


./02-texto/6-povoamento.tex:80: LaTeX Error: Invalid UTF-8 byte "A7.

See the LaTeX manual or LaTeX Companion for explanation.
Type  H <return>  for immediate help.
 ...                                              
                                                  
l.80 (4, 'Substituição 
                         de bateria do desfibrilhador', 'Concluída', '2025-...
The document does not appear to be in UTF-8 encoding.
Try adding \UseRawInputEncoding as the first line of the file
or specify an encoding such as \usepackage [latin1]{inputenc}
in the document preamble.
Alternatively, save the file in UTF-8 using your editor or another tool


./02-texto/6-povoamento.tex:80: LaTeX Error: Invalid UTF-8 byte sequence (�\expandafter).

See the LaTeX manual or LaTeX Companion for explanation.
Type  H <return>  for immediate help.
 ...                                              
                                                  
l.80 (4, 'Substituição 
                         de bateria do desfibrilhador', 'Concluída', '2025-...
The document does not appear to be in UTF-8 encoding.
Try adding \UseRawInputEncoding as the first line of the file
or specify an encoding such as \usepackage [latin1]{inputenc}
in the document preamble.
Alternatively, save the file in UTF-8 using your editor or another tool


./02-texto/6-povoamento.tex:80: LaTeX Error: Invalid UTF-8 byte "A3.

See the LaTeX manual or LaTeX Companion for explanation.
Type  H <return>  for immediate help.
 ...                                              
                                                  
l.80 (4, 'Substituição 
                         de bateria do desfibrilhador', 'Concluída', '2025-...
The document does not appear to be in UTF-8 encoding.
Try adding \UseRawInputEncoding as the first line of the file
or specify an encoding such as \usepackage [latin1]{inputenc}
in the document preamble.
Alternatively, save the file in UTF-8 using your editor or another tool


./02-texto/6-povoamento.tex:80: LaTeX Error: Invalid UTF-8 byte sequence (�\expandafter).

See the LaTeX manual or LaTeX Companion for explanation.
Type  H <return>  for immediate help.
 ...                                              
                                                  
l.80 ...e bateria do desfibrilhador', 'Concluída'
                                                  , '2025-01-20', 'Alta'),
The document does not appear to be in UTF-8 encoding.
Try adding \UseRawInputEncoding as the first line of the file
or specify an encoding such as \usepackage [latin1]{inputenc}
in the document preamble.
Alternatively, save the file in UTF-8 using your editor or another tool


./02-texto/6-povoamento.tex:80: LaTeX Error: Invalid UTF-8 byte "AD.

See the LaTeX manual or LaTeX Companion for explanation.
Type  H <return>  for immediate help.
 ...                                              
                                                  
l.80 ...e bateria do desfibrilhador', 'Concluída'
                                                  , '2025-01-20', 'Alta'),
The document does not appear to be in UTF-8 encoding.
Try adding \UseRawInputEncoding as the first line of the file
or specify an encoding such as \usepackage [latin1]{inputenc}
in the document preamble.
Alternatively, save the file in UTF-8 using your editor or another tool


./02-texto/6-povoamento.tex:81: LaTeX Error: Invalid UTF-8 byte sequence (�\expandafter).

See the LaTeX manual or LaTeX Companion for explanation.
Type  H <return>  for immediate help.
 ...                                              
                                                  
l.81 (5, 'Manutenção 
                       preventiva da bomba de infusão', 'Pendente', '2025-0...
The document does not appear to be in UTF-8 encoding.
Try adding \UseRawInputEncoding as the first line of the file
or specify an encoding such as \usepackage [latin1]{inputenc}
in the document preamble.
Alternatively, save the file in UTF-8 using your editor or another tool


./02-texto/6-povoamento.tex:81: LaTeX Error: Invalid UTF-8 byte "A7.

See the LaTeX manual or LaTeX Companion for explanation.
Type  H <return>  for immediate help.
 ...                                              
                                                  
l.81 (5, 'Manutenção 
                       preventiva da bomba de infusão', 'Pendente', '2025-0...
The document does not appear to be in UTF-8 encoding.
Try adding \UseRawInputEncoding as the first line of the file
or specify an encoding such as \usepackage [latin1]{inputenc}
in the document preamble.
Alternatively, save the file in UTF-8 using your editor or another tool


./02-texto/6-povoamento.tex:81: LaTeX Error: Invalid UTF-8 byte sequence (�\expandafter).

See the LaTeX manual or LaTeX Companion for explanation.
Type  H <return>  for immediate help.
 ...                                              
                                                  
l.81 (5, 'Manutenção 
                       preventiva da bomba de infusão', 'Pendente', '2025-0...
The document does not appear to be in UTF-8 encoding.
Try adding \UseRawInputEncoding as the first line of the file
or specify an encoding such as \usepackage [latin1]{inputenc}
in the document preamble.
Alternatively, save the file in UTF-8 using your editor or another tool


./02-texto/6-povoamento.tex:81: LaTeX Error: Invalid UTF-8 byte "A3.

See the LaTeX manual or LaTeX Companion for explanation.
Type  H <return>  for immediate help.
 ...                                              
                                                  
l.81 (5, 'Manutenção 
                       preventiva da bomba de infusão', 'Pendente', '2025-0...
The document does not appear to be in UTF-8 encoding.
Try adding \UseRawInputEncoding as the first line of the file
or specify an encoding such as \usepackage [latin1]{inputenc}
in the document preamble.
Alternatively, save the file in UTF-8 using your editor or another tool


./02-texto/6-povoamento.tex:81: LaTeX Error: Invalid UTF-8 byte sequence (�\expandafter).

See the LaTeX manual or LaTeX Companion for explanation.
Type  H <return>  for immediate help.
 ...                                              
                                                  
l.81 ...utenção preventiva da bomba de infusão'
                                                  , 'Pendente', '2025-03-15'...
The document does not appear to be in UTF-8 encoding.
Try adding \UseRawInputEncoding as the first line of the file
or specify an encoding such as \usepackage [latin1]{inputenc}
in the document preamble.
Alternatively, save the file in UTF-8 using your editor or another tool


./02-texto/6-povoamento.tex:81: LaTeX Error: Invalid UTF-8 byte "A3.

See the LaTeX manual or LaTeX Companion for explanation.
Type  H <return>  for immediate help.
 ...                                              
                                                  
l.81 ...utenção preventiva da bomba de infusão'
                                                  , 'Pendente', '2025-03-15'...
The document does not appear to be in UTF-8 encoding.
Try adding \UseRawInputEncoding as the first line of the file
or specify an encoding such as \usepackage [latin1]{inputenc}
in the document preamble.
Alternatively, save the file in UTF-8 using your editor or another tool


./02-texto/6-povoamento.tex:81: LaTeX Error: Invalid UTF-8 byte sequence (�\expandafter).

See the LaTeX manual or LaTeX Companion for explanation.
Type  H <return>  for immediate help.
 ...                                              
                                                  
l.81 ...usão', 'Pendente', '2025-03-15', 'Média'
                                                  ),
The document does not appear to be in UTF-8 encoding.
Try adding \UseRawInputEncoding as the first line of the file
or specify an encoding such as \usepackage [latin1]{inputenc}
in the document preamble.
Alternatively, save the file in UTF-8 using your editor or another tool


./02-texto/6-povoamento.tex:81: LaTeX Error: Invalid UTF-8 byte "A9.

See the LaTeX manual or LaTeX Companion for explanation.
Type  H <return>  for immediate help.
 ...                                              
                                                  
l.81 ...usão', 'Pendente', '2025-03-15', 'Média'
                                                  ),
The document does not appear to be in UTF-8 encoding.
Try adding \UseRawInputEncoding as the first line of the file
or specify an encoding such as \usepackage [latin1]{inputenc}
in the document preamble.
Alternatively, save the file in UTF-8 using your editor or another tool


./02-texto/6-povoamento.tex:82: LaTeX Error: Invalid UTF-8 byte sequence (�\expandafter).

See the LaTeX manual or LaTeX Companion for explanation.
Type  H <return>  for immediate help.
 ...                                              
                                                  
l.82 (6, 'Revisão 
                   do eletrocardiógrafo', 'Concluída', '2025-02-18', 'Baix...
The document does not appear to be in UTF-8 encoding.
Try adding \UseRawInputEncoding as the first line of the file
or specify an encoding such as \usepackage [latin1]{inputenc}
in the document preamble.
Alternatively, save the file in UTF-8 using your editor or another tool


./02-texto/6-povoamento.tex:82: LaTeX Error: Invalid UTF-8 byte "A3.

See the LaTeX manual or LaTeX Companion for explanation.
Type  H <return>  for immediate help.
 ...                                              
                                                  
l.82 (6, 'Revisão 
                   do eletrocardiógrafo', 'Concluída', '2025-02-18', 'Baix...
The document does not appear to be in UTF-8 encoding.
Try adding \UseRawInputEncoding as the first line of the file
or specify an encoding such as \usepackage [latin1]{inputenc}
in the document preamble.
Alternatively, save the file in UTF-8 using your editor or another tool


./02-texto/6-povoamento.tex:82: LaTeX Error: Invalid UTF-8 byte sequence (�\expandafter).

See the LaTeX manual or LaTeX Companion for explanation.
Type  H <return>  for immediate help.
 ...                                              
                                                  
l.82 (6, 'Revisão do eletrocardiógrafo'
                                         , 'Concluída', '2025-02-18', 'Baix...
The document does not appear to be in UTF-8 encoding.
Try adding \UseRawInputEncoding as the first line of the file
or specify an encoding such as \usepackage [latin1]{inputenc}
in the document preamble.
Alternatively, save the file in UTF-8 using your editor or another tool


./02-texto/6-povoamento.tex:82: LaTeX Error: Invalid UTF-8 byte "B3.

See the LaTeX manual or LaTeX Companion for explanation.
Type  H <return>  for immediate help.
 ...                                              
                                                  
l.82 (6, 'Revisão do eletrocardiógrafo'
                                         , 'Concluída', '2025-02-18', 'Baix...
The document does not appear to be in UTF-8 encoding.
Try adding \UseRawInputEncoding as the first line of the file
or specify an encoding such as \usepackage [latin1]{inputenc}
in the document preamble.
Alternatively, save the file in UTF-8 using your editor or another tool


./02-texto/6-povoamento.tex:82: LaTeX Error: Invalid UTF-8 byte sequence (�\expandafter).

See the LaTeX manual or LaTeX Companion for explanation.
Type  H <return>  for immediate help.
 ...                                              
                                                  
l.82 ...isão do eletrocardiógrafo', 'Concluída'
                                                  , '2025-02-18', 'Baixa'),
The document does not appear to be in UTF-8 encoding.
Try adding \UseRawInputEncoding as the first line of the file
or specify an encoding such as \usepackage [latin1]{inputenc}
in the document preamble.
Alternatively, save the file in UTF-8 using your editor or another tool


./02-texto/6-povoamento.tex:82: LaTeX Error: Invalid UTF-8 byte "AD.

See the LaTeX manual or LaTeX Companion for explanation.
Type  H <return>  for immediate help.
 ...                                              
                                                  
l.82 ...isão do eletrocardiógrafo', 'Concluída'
                                                  , '2025-02-18', 'Baixa'),
The document does not appear to be in UTF-8 encoding.
Try adding \UseRawInputEncoding as the first line of the file
or specify an encoding such as \usepackage [latin1]{inputenc}
in the document preamble.
Alternatively, save the file in UTF-8 using your editor or another tool


./02-texto/6-povoamento.tex:83: LaTeX Error: Invalid UTF-8 byte sequence (�\expandafter).

See the LaTeX manual or LaTeX Companion for explanation.
Type  H <return>  for immediate help.
 ...                                              
                                                  
l.83 ...mpeza e teste do aspirador de secreções'
                                                  , 'Concluída', '2025-01-2...
The document does not appear to be in UTF-8 encoding.
Try adding \UseRawInputEncoding as the first line of the file
or specify an encoding such as \usepackage [latin1]{inputenc}
in the document preamble.
Alternatively, save the file in UTF-8 using your editor or another tool


./02-texto/6-povoamento.tex:83: LaTeX Error: Invalid UTF-8 byte "A7.

See the LaTeX manual or LaTeX Companion for explanation.
Type  H <return>  for immediate help.
 ...                                              
                                                  
l.83 ...mpeza e teste do aspirador de secreções'
                                                  , 'Concluída', '2025-01-2...
The document does not appear to be in UTF-8 encoding.
Try adding \UseRawInputEncoding as the first line of the file
or specify an encoding such as \usepackage [latin1]{inputenc}
in the document preamble.
Alternatively, save the file in UTF-8 using your editor or another tool


./02-texto/6-povoamento.tex:83: LaTeX Error: Invalid UTF-8 byte sequence (�\expandafter).

See the LaTeX manual or LaTeX Companion for explanation.
Type  H <return>  for immediate help.
 ...                                              
                                                  
l.83 ...mpeza e teste do aspirador de secreções'
                                                  , 'Concluída', '2025-01-2...
The document does not appear to be in UTF-8 encoding.
Try adding \UseRawInputEncoding as the first line of the file
or specify an encoding such as \usepackage [latin1]{inputenc}
in the document preamble.
Alternatively, save the file in UTF-8 using your editor or another tool


./02-texto/6-povoamento.tex:83: LaTeX Error: Invalid UTF-8 byte "B5.

See the LaTeX manual or LaTeX Companion for explanation.
Type  H <return>  for immediate help.
 ...                                              
                                                  
l.83 ...mpeza e teste do aspirador de secreções'
                                                  , 'Concluída', '2025-01-2...
The document does not appear to be in UTF-8 encoding.
Try adding \UseRawInputEncoding as the first line of the file
or specify an encoding such as \usepackage [latin1]{inputenc}
in the document preamble.
Alternatively, save the file in UTF-8 using your editor or another tool


./02-texto/6-povoamento.tex:83: LaTeX Error: Invalid UTF-8 byte sequence (�\expandafter).

See the LaTeX manual or LaTeX Companion for explanation.
Type  H <return>  for immediate help.
 ...                                              
                                                  
l.83 ...do aspirador de secreções', 'Concluída'
                                                  , '2025-01-28', 'Baixa'),
The document does not appear to be in UTF-8 encoding.
Try adding \UseRawInputEncoding as the first line of the file
or specify an encoding such as \usepackage [latin1]{inputenc}
in the document preamble.
Alternatively, save the file in UTF-8 using your editor or another tool


./02-texto/6-povoamento.tex:83: LaTeX Error: Invalid UTF-8 byte "AD.

See the LaTeX manual or LaTeX Companion for explanation.
Type  H <return>  for immediate help.
 ...                                              
                                                  
l.83 ...do aspirador de secreções', 'Concluída'
                                                  , '2025-01-28', 'Baixa'),
The document does not appear to be in UTF-8 encoding.
Try adding \UseRawInputEncoding as the first line of the file
or specify an encoding such as \usepackage [latin1]{inputenc}
in the document preamble.
Alternatively, save the file in UTF-8 using your editor or another tool


./02-texto/6-povoamento.tex:84: LaTeX Error: Invalid UTF-8 byte sequence (�\expandafter).

See the LaTeX manual or LaTeX Companion for explanation.
Type  H <return>  for immediate help.
 ...                                              
                                                  
l.84 (8, 'Diagnóstico 
                       do oxímetro de pulso', 'Em Curso', '2025-03-10', 'Al...
The document does not appear to be in UTF-8 encoding.
Try adding \UseRawInputEncoding as the first line of the file
or specify an encoding such as \usepackage [latin1]{inputenc}
in the document preamble.
Alternatively, save the file in UTF-8 using your editor or another tool


./02-texto/6-povoamento.tex:84: LaTeX Error: Invalid UTF-8 byte "B3.

See the LaTeX manual or LaTeX Companion for explanation.
Type  H <return>  for immediate help.
 ...                                              
                                                  
l.84 (8, 'Diagnóstico 
                       do oxímetro de pulso', 'Em Curso', '2025-03-10', 'Al...
The document does not appear to be in UTF-8 encoding.
Try adding \UseRawInputEncoding as the first line of the file
or specify an encoding such as \usepackage [latin1]{inputenc}
in the document preamble.
Alternatively, save the file in UTF-8 using your editor or another tool


./02-texto/6-povoamento.tex:84: LaTeX Error: Invalid UTF-8 byte sequence (�\expandafter).

See the LaTeX manual or LaTeX Companion for explanation.
Type  H <return>  for immediate help.
 ...                                              
                                                  
l.84 (8, 'Diagnóstico do oxímetro 
                                    de pulso', 'Em Curso', '2025-03-10', 'Al...
The document does not appear to be in UTF-8 encoding.
Try adding \UseRawInputEncoding as the first line of the file
or specify an encoding such as \usepackage [latin1]{inputenc}
in the document preamble.
Alternatively, save the file in UTF-8 using your editor or another tool


./02-texto/6-povoamento.tex:84: LaTeX Error: Invalid UTF-8 byte "AD.

See the LaTeX manual or LaTeX Companion for explanation.
Type  H <return>  for immediate help.
 ...                                              
                                                  
l.84 (8, 'Diagnóstico do oxímetro 
                                    de pulso', 'Em Curso', '2025-03-10', 'Al...
The document does not appear to be in UTF-8 encoding.
Try adding \UseRawInputEncoding as the first line of the file
or specify an encoding such as \usepackage [latin1]{inputenc}
in the document preamble.
Alternatively, save the file in UTF-8 using your editor or another tool


./02-texto/6-povoamento.tex:85: LaTeX Error: Invalid UTF-8 byte sequence (�\expandafter).

See the LaTeX manual or LaTeX Companion for explanation.
Type  H <return>  for immediate help.
 ...                                              
                                                  
l.85 (9, 'Verificação 
                        do termómetro de infravermelhos', 'Concluída', '20...
The document does not appear to be in UTF-8 encoding.
Try adding \UseRawInputEncoding as the first line of the file
or specify an encoding such as \usepackage [latin1]{inputenc}
in the document preamble.
Alternatively, save the file in UTF-8 using your editor or another tool


./02-texto/6-povoamento.tex:85: LaTeX Error: Invalid UTF-8 byte "A7.

See the LaTeX manual or LaTeX Companion for explanation.
Type  H <return>  for immediate help.
 ...                                              
                                                  
l.85 (9, 'Verificação 
                        do termómetro de infravermelhos', 'Concluída', '20...
The document does not appear to be in UTF-8 encoding.
Try adding \UseRawInputEncoding as the first line of the file
or specify an encoding such as \usepackage [latin1]{inputenc}
in the document preamble.
Alternatively, save the file in UTF-8 using your editor or another tool


./02-texto/6-povoamento.tex:85: LaTeX Error: Invalid UTF-8 byte sequence (�\expandafter).

See the LaTeX manual or LaTeX Companion for explanation.
Type  H <return>  for immediate help.
 ...                                              
                                                  
l.85 (9, 'Verificação 
                        do termómetro de infravermelhos', 'Concluída', '20...
The document does not appear to be in UTF-8 encoding.
Try adding \UseRawInputEncoding as the first line of the file
or specify an encoding such as \usepackage [latin1]{inputenc}
in the document preamble.
Alternatively, save the file in UTF-8 using your editor or another tool


./02-texto/6-povoamento.tex:85: LaTeX Error: Invalid UTF-8 byte "A3.

See the LaTeX manual or LaTeX Companion for explanation.
Type  H <return>  for immediate help.
 ...                                              
                                                  
l.85 (9, 'Verificação 
                        do termómetro de infravermelhos', 'Concluída', '20...
The document does not appear to be in UTF-8 encoding.
Try adding \UseRawInputEncoding as the first line of the file
or specify an encoding such as \usepackage [latin1]{inputenc}
in the document preamble.
Alternatively, save the file in UTF-8 using your editor or another tool


./02-texto/6-povoamento.tex:85: LaTeX Error: Invalid UTF-8 byte sequence (�\expandafter).

See the LaTeX manual or LaTeX Companion for explanation.
Type  H <return>  for immediate help.
 ...                                              
                                                  
l.85 (9, 'Verificação do termómetro 
                                       de infravermelhos', 'Concluída', '20...
The document does not appear to be in UTF-8 encoding.
Try adding \UseRawInputEncoding as the first line of the file
or specify an encoding such as \usepackage [latin1]{inputenc}
in the document preamble.
Alternatively, save the file in UTF-8 using your editor or another tool


./02-texto/6-povoamento.tex:85: LaTeX Error: Invalid UTF-8 byte "B3.

See the LaTeX manual or LaTeX Companion for explanation.
Type  H <return>  for immediate help.
 ...                                              
                                                  
l.85 (9, 'Verificação do termómetro 
                                       de infravermelhos', 'Concluída', '20...
The document does not appear to be in UTF-8 encoding.
Try adding \UseRawInputEncoding as the first line of the file
or specify an encoding such as \usepackage [latin1]{inputenc}
in the document preamble.
Alternatively, save the file in UTF-8 using your editor or another tool


./02-texto/6-povoamento.tex:85: LaTeX Error: Invalid UTF-8 byte sequence (�\expandafter).

See the LaTeX manual or LaTeX Companion for explanation.
Type  H <return>  for immediate help.
 ...                                              
                                                  
l.85 ...rmómetro de infravermelhos', 'Concluída'
                                                  , '2025-02-25', 'Baixa'),
The document does not appear to be in UTF-8 encoding.
Try adding \UseRawInputEncoding as the first line of the file
or specify an encoding such as \usepackage [latin1]{inputenc}
in the document preamble.
Alternatively, save the file in UTF-8 using your editor or another tool


./02-texto/6-povoamento.tex:85: LaTeX Error: Invalid UTF-8 byte "AD.

See the LaTeX manual or LaTeX Companion for explanation.
Type  H <return>  for immediate help.
 ...                                              
                                                  
l.85 ...rmómetro de infravermelhos', 'Concluída'
                                                  , '2025-02-25', 'Baixa'),
The document does not appear to be in UTF-8 encoding.
Try adding \UseRawInputEncoding as the first line of the file
or specify an encoding such as \usepackage [latin1]{inputenc}
in the document preamble.
Alternatively, save the file in UTF-8 using your editor or another tool


./02-texto/6-povoamento.tex:86: LaTeX Error: Invalid UTF-8 byte sequence (�\expandafter).

See the LaTeX manual or LaTeX Companion for explanation.
Type  H <return>  for immediate help.
 ...                                              
                                                  
l.86 (10, 'Calibração 
                        do esfigmomanómetro digital', 'Pendente', '2025-03-...
The document does not appear to be in UTF-8 encoding.
Try adding \UseRawInputEncoding as the first line of the file
or specify an encoding such as \usepackage [latin1]{inputenc}
in the document preamble.
Alternatively, save the file in UTF-8 using your editor or another tool


./02-texto/6-povoamento.tex:86: LaTeX Error: Invalid UTF-8 byte "A7.

See the LaTeX manual or LaTeX Companion for explanation.
Type  H <return>  for immediate help.
 ...                                              
                                                  
l.86 (10, 'Calibração 
                        do esfigmomanómetro digital', 'Pendente', '2025-03-...
The document does not appear to be in UTF-8 encoding.
Try adding \UseRawInputEncoding as the first line of the file
or specify an encoding such as \usepackage [latin1]{inputenc}
in the document preamble.
Alternatively, save the file in UTF-8 using your editor or another tool


./02-texto/6-povoamento.tex:86: LaTeX Error: Invalid UTF-8 byte sequence (�\expandafter).

See the LaTeX manual or LaTeX Companion for explanation.
Type  H <return>  for immediate help.
 ...                                              
                                                  
l.86 (10, 'Calibração 
                        do esfigmomanómetro digital', 'Pendente', '2025-03-...
The document does not appear to be in UTF-8 encoding.
Try adding \UseRawInputEncoding as the first line of the file
or specify an encoding such as \usepackage [latin1]{inputenc}
in the document preamble.
Alternatively, save the file in UTF-8 using your editor or another tool


./02-texto/6-povoamento.tex:86: LaTeX Error: Invalid UTF-8 byte "A3.

See the LaTeX manual or LaTeX Companion for explanation.
Type  H <return>  for immediate help.
 ...                                              
                                                  
l.86 (10, 'Calibração 
                        do esfigmomanómetro digital', 'Pendente', '2025-03-...
The document does not appear to be in UTF-8 encoding.
Try adding \UseRawInputEncoding as the first line of the file
or specify an encoding such as \usepackage [latin1]{inputenc}
in the document preamble.
Alternatively, save the file in UTF-8 using your editor or another tool


./02-texto/6-povoamento.tex:86: LaTeX Error: Invalid UTF-8 byte sequence (�\expandafter).

See the LaTeX manual or LaTeX Companion for explanation.
Type  H <return>  for immediate help.
 ...                                              
                                                  
l.86 (10, 'Calibração do esfigmomanómetro 
                                             digital', 'Pendente', '2025-03-...
The document does not appear to be in UTF-8 encoding.
Try adding \UseRawInputEncoding as the first line of the file
or specify an encoding such as \usepackage [latin1]{inputenc}
in the document preamble.
Alternatively, save the file in UTF-8 using your editor or another tool


./02-texto/6-povoamento.tex:86: LaTeX Error: Invalid UTF-8 byte "B3.

See the LaTeX manual or LaTeX Companion for explanation.
Type  H <return>  for immediate help.
 ...                                              
                                                  
l.86 (10, 'Calibração do esfigmomanómetro 
                                             digital', 'Pendente', '2025-03-...
The document does not appear to be in UTF-8 encoding.
Try adding \UseRawInputEncoding as the first line of the file
or specify an encoding such as \usepackage [latin1]{inputenc}
in the document preamble.
Alternatively, save the file in UTF-8 using your editor or another tool


./02-texto/6-povoamento.tex:86: LaTeX Error: Invalid UTF-8 byte sequence (�\expandafter).

See the LaTeX manual or LaTeX Companion for explanation.
Type  H <return>  for immediate help.
 ...                                              
                                                  
l.86 ...gital', 'Pendente', '2025-03-20', 'Média'
                                                  );
The document does not appear to be in UTF-8 encoding.
Try adding \UseRawInputEncoding as the first line of the file
or specify an encoding such as \usepackage [latin1]{inputenc}
in the document preamble.
Alternatively, save the file in UTF-8 using your editor or another tool


./02-texto/6-povoamento.tex:86: LaTeX Error: Invalid UTF-8 byte "A9.

See the LaTeX manual or LaTeX Companion for explanation.
Type  H <return>  for immediate help.
 ...                                              
                                                  
l.86 ...gital', 'Pendente', '2025-03-20', 'Média'
                                                  );
The document does not appear to be in UTF-8 encoding.
Try adding \UseRawInputEncoding as the first line of the file
or specify an encoding such as \usepackage [latin1]{inputenc}
in the document preamble.
Alternatively, save the file in UTF-8 using your editor or another tool


./02-texto/6-povoamento.tex:93: LaTeX Error: Invalid UTF-8 byte sequence (�\expandafter).

See the LaTeX manual or LaTeX Companion for explanation.
Type  H <return>  for immediate help.
 ...                                              
                                                  
l.93 INSERT INTO Manutenção 
                              (id_manutenção, custo, tipo, duração, desc...
The document does not appear to be in UTF-8 encoding.
Try adding \UseRawInputEncoding as the first line of the file
or specify an encoding such as \usepackage [latin1]{inputenc}
in the document preamble.
Alternatively, save the file in UTF-8 using your editor or another tool


./02-texto/6-povoamento.tex:93: LaTeX Error: Invalid UTF-8 byte "A7.

See the LaTeX manual or LaTeX Companion for explanation.
Type  H <return>  for immediate help.
 ...                                              
                                                  
l.93 INSERT INTO Manutenção 
                              (id_manutenção, custo, tipo, duração, desc...
The document does not appear to be in UTF-8 encoding.
Try adding \UseRawInputEncoding as the first line of the file
or specify an encoding such as \usepackage [latin1]{inputenc}
in the document preamble.
Alternatively, save the file in UTF-8 using your editor or another tool


./02-texto/6-povoamento.tex:93: LaTeX Error: Invalid UTF-8 byte sequence (�\expandafter).

See the LaTeX manual or LaTeX Companion for explanation.
Type  H <return>  for immediate help.
 ...                                              
                                                  
l.93 INSERT INTO Manutenção 
                              (id_manutenção, custo, tipo, duração, desc...
The document does not appear to be in UTF-8 encoding.
Try adding \UseRawInputEncoding as the first line of the file
or specify an encoding such as \usepackage [latin1]{inputenc}
in the document preamble.
Alternatively, save the file in UTF-8 using your editor or another tool


./02-texto/6-povoamento.tex:93: LaTeX Error: Invalid UTF-8 byte "A3.

See the LaTeX manual or LaTeX Companion for explanation.
Type  H <return>  for immediate help.
 ...                                              
                                                  
l.93 INSERT INTO Manutenção 
                              (id_manutenção, custo, tipo, duração, desc...
The document does not appear to be in UTF-8 encoding.
Try adding \UseRawInputEncoding as the first line of the file
or specify an encoding such as \usepackage [latin1]{inputenc}
in the document preamble.
Alternatively, save the file in UTF-8 using your editor or another tool


./02-texto/6-povoamento.tex:93: LaTeX Error: Invalid UTF-8 byte sequence (�\expandafter).

See the LaTeX manual or LaTeX Companion for explanation.
Type  H <return>  for immediate help.
 ...                                              
                                                  
l.93 INSERT INTO Manutenção (id_manutenção,
                                                custo, tipo, duração, desc...
The document does not appear to be in UTF-8 encoding.
Try adding \UseRawInputEncoding as the first line of the file
or specify an encoding such as \usepackage [latin1]{inputenc}
in the document preamble.
Alternatively, save the file in UTF-8 using your editor or another tool


./02-texto/6-povoamento.tex:93: LaTeX Error: Invalid UTF-8 byte "A7.

See the LaTeX manual or LaTeX Companion for explanation.
Type  H <return>  for immediate help.
 ...                                              
                                                  
l.93 INSERT INTO Manutenção (id_manutenção,
                                                custo, tipo, duração, desc...
The document does not appear to be in UTF-8 encoding.
Try adding \UseRawInputEncoding as the first line of the file
or specify an encoding such as \usepackage [latin1]{inputenc}
in the document preamble.
Alternatively, save the file in UTF-8 using your editor or another tool


./02-texto/6-povoamento.tex:93: LaTeX Error: Invalid UTF-8 byte sequence (�\expandafter).

See the LaTeX manual or LaTeX Companion for explanation.
Type  H <return>  for immediate help.
 ...                                              
                                                  
l.93 INSERT INTO Manutenção (id_manutenção,
                                                custo, tipo, duração, desc...
The document does not appear to be in UTF-8 encoding.
Try adding \UseRawInputEncoding as the first line of the file
or specify an encoding such as \usepackage [latin1]{inputenc}
in the document preamble.
Alternatively, save the file in UTF-8 using your editor or another tool


./02-texto/6-povoamento.tex:93: LaTeX Error: Invalid UTF-8 byte "A3.

See the LaTeX manual or LaTeX Companion for explanation.
Type  H <return>  for immediate help.
 ...                                              
                                                  
l.93 INSERT INTO Manutenção (id_manutenção,
                                                custo, tipo, duração, desc...
The document does not appear to be in UTF-8 encoding.
Try adding \UseRawInputEncoding as the first line of the file
or specify an encoding such as \usepackage [latin1]{inputenc}
in the document preamble.
Alternatively, save the file in UTF-8 using your editor or another tool


./02-texto/6-povoamento.tex:93: LaTeX Error: Invalid UTF-8 byte sequence (�\expandafter).

See the LaTeX manual or LaTeX Companion for explanation.
Type  H <return>  for immediate help.
 ...                                              
                                                  
l.93 ... (id_manutenção, custo, tipo, duração,
                                                   descrição, data_inicio,...
The document does not appear to be in UTF-8 encoding.
Try adding \UseRawInputEncoding as the first line of the file
or specify an encoding such as \usepackage [latin1]{inputenc}
in the document preamble.
Alternatively, save the file in UTF-8 using your editor or another tool


./02-texto/6-povoamento.tex:93: LaTeX Error: Invalid UTF-8 byte "A7.

See the LaTeX manual or LaTeX Companion for explanation.
Type  H <return>  for immediate help.
 ...                                              
                                                  
l.93 ... (id_manutenção, custo, tipo, duração,
                                                   descrição, data_inicio,...
The document does not appear to be in UTF-8 encoding.
Try adding \UseRawInputEncoding as the first line of the file
or specify an encoding such as \usepackage [latin1]{inputenc}
in the document preamble.
Alternatively, save the file in UTF-8 using your editor or another tool


./02-texto/6-povoamento.tex:93: LaTeX Error: Invalid UTF-8 byte sequence (�\expandafter).

See the LaTeX manual or LaTeX Companion for explanation.
Type  H <return>  for immediate help.
 ...                                              
                                                  
l.93 ... (id_manutenção, custo, tipo, duração,
                                                   descrição, data_inicio,...
The document does not appear to be in UTF-8 encoding.
Try adding \UseRawInputEncoding as the first line of the file
or specify an encoding such as \usepackage [latin1]{inputenc}
in the document preamble.
Alternatively, save the file in UTF-8 using your editor or another tool


./02-texto/6-povoamento.tex:93: LaTeX Error: Invalid UTF-8 byte "A3.

See the LaTeX manual or LaTeX Companion for explanation.
Type  H <return>  for immediate help.
 ...                                              
                                                  
l.93 ... (id_manutenção, custo, tipo, duração,
                                                   descrição, data_inicio,...
The document does not appear to be in UTF-8 encoding.
Try adding \UseRawInputEncoding as the first line of the file
or specify an encoding such as \usepackage [latin1]{inputenc}
in the document preamble.
Alternatively, save the file in UTF-8 using your editor or another tool


./02-texto/6-povoamento.tex:93: LaTeX Error: Invalid UTF-8 byte sequence (�\expandafter).

See the LaTeX manual or LaTeX Companion for explanation.
Type  H <return>  for immediate help.
 ...                                              
                                                  
l.93 ...�ão, custo, tipo, duração, descrição,
                                                   data_inicio, data_fim) VA...
The document does not appear to be in UTF-8 encoding.
Try adding \UseRawInputEncoding as the first line of the file
or specify an encoding such as \usepackage [latin1]{inputenc}
in the document preamble.
Alternatively, save the file in UTF-8 using your editor or another tool


./02-texto/6-povoamento.tex:93: LaTeX Error: Invalid UTF-8 byte "A7.

See the LaTeX manual or LaTeX Companion for explanation.
Type  H <return>  for immediate help.
 ...                                              
                                                  
l.93 ...�ão, custo, tipo, duração, descrição,
                                                   data_inicio, data_fim) VA...
The document does not appear to be in UTF-8 encoding.
Try adding \UseRawInputEncoding as the first line of the file
or specify an encoding such as \usepackage [latin1]{inputenc}
in the document preamble.
Alternatively, save the file in UTF-8 using your editor or another tool


./02-texto/6-povoamento.tex:93: LaTeX Error: Invalid UTF-8 byte sequence (�\expandafter).

See the LaTeX manual or LaTeX Companion for explanation.
Type  H <return>  for immediate help.
 ...                                              
                                                  
l.93 ...�ão, custo, tipo, duração, descrição,
                                                   data_inicio, data_fim) VA...
The document does not appear to be in UTF-8 encoding.
Try adding \UseRawInputEncoding as the first line of the file
or specify an encoding such as \usepackage [latin1]{inputenc}
in the document preamble.
Alternatively, save the file in UTF-8 using your editor or another tool


./02-texto/6-povoamento.tex:93: LaTeX Error: Invalid UTF-8 byte "A3.

See the LaTeX manual or LaTeX Companion for explanation.
Type  H <return>  for immediate help.
 ...                                              
                                                  
l.93 ...�ão, custo, tipo, duração, descrição,
                                                   data_inicio, data_fim) VA...
The document does not appear to be in UTF-8 encoding.
Try adding \UseRawInputEncoding as the first line of the file
or specify an encoding such as \usepackage [latin1]{inputenc}
in the document preamble.
Alternatively, save the file in UTF-8 using your editor or another tool


./02-texto/6-povoamento.tex:94: LaTeX Error: Invalid UTF-8 byte sequence (�\expandafter).

See the LaTeX manual or LaTeX Companion for explanation.
Type  H <return>  for immediate help.
 ...                                              
                                                  
l.94 (1, 350.00, 'Preventiva', 4, 'Manutenção 
                                                preventiva anual do ventilad...
The document does not appear to be in UTF-8 encoding.
Try adding \UseRawInputEncoding as the first line of the file
or specify an encoding such as \usepackage [latin1]{inputenc}
in the document preamble.
Alternatively, save the file in UTF-8 using your editor or another tool


./02-texto/6-povoamento.tex:94: LaTeX Error: Invalid UTF-8 byte "A7.

See the LaTeX manual or LaTeX Companion for explanation.
Type  H <return>  for immediate help.
 ...                                              
                                                  
l.94 (1, 350.00, 'Preventiva', 4, 'Manutenção 
                                                preventiva anual do ventilad...
The document does not appear to be in UTF-8 encoding.
Try adding \UseRawInputEncoding as the first line of the file
or specify an encoding such as \usepackage [latin1]{inputenc}
in the document preamble.
Alternatively, save the file in UTF-8 using your editor or another tool


./02-texto/6-povoamento.tex:94: LaTeX Error: Invalid UTF-8 byte sequence (�\expandafter).

See the LaTeX manual or LaTeX Companion for explanation.
Type  H <return>  for immediate help.
 ...                                              
                                                  
l.94 (1, 350.00, 'Preventiva', 4, 'Manutenção 
                                                preventiva anual do ventilad...
The document does not appear to be in UTF-8 encoding.
Try adding \UseRawInputEncoding as the first line of the file
or specify an encoding such as \usepackage [latin1]{inputenc}
in the document preamble.
Alternatively, save the file in UTF-8 using your editor or another tool


./02-texto/6-povoamento.tex:94: LaTeX Error: Invalid UTF-8 byte "A3.

See the LaTeX manual or LaTeX Companion for explanation.
Type  H <return>  for immediate help.
 ...                                              
                                                  
l.94 (1, 350.00, 'Preventiva', 4, 'Manutenção 
                                                preventiva anual do ventilad...
The document does not appear to be in UTF-8 encoding.
Try adding \UseRawInputEncoding as the first line of the file
or specify an encoding such as \usepackage [latin1]{inputenc}
in the document preamble.
Alternatively, save the file in UTF-8 using your editor or another tool


./02-texto/6-povoamento.tex:95: LaTeX Error: Invalid UTF-8 byte sequence (�\expandafter).

See the LaTeX manual or LaTeX Companion for explanation.
Type  H <return>  for immediate help.
 ...                                              
                                                  
l.95 (2, 220.00, 'Calibração'
                               , 3, 'Calibração e ajuste do ecógrafo port...
The document does not appear to be in UTF-8 encoding.
Try adding \UseRawInputEncoding as the first line of the file
or specify an encoding such as \usepackage [latin1]{inputenc}
in the document preamble.
Alternatively, save the file in UTF-8 using your editor or another tool


./02-texto/6-povoamento.tex:95: LaTeX Error: Invalid UTF-8 byte "A7.

See the LaTeX manual or LaTeX Companion for explanation.
Type  H <return>  for immediate help.
 ...                                              
                                                  
l.95 (2, 220.00, 'Calibração'
                               , 3, 'Calibração e ajuste do ecógrafo port...
The document does not appear to be in UTF-8 encoding.
Try adding \UseRawInputEncoding as the first line of the file
or specify an encoding such as \usepackage [latin1]{inputenc}
in the document preamble.
Alternatively, save the file in UTF-8 using your editor or another tool


./02-texto/6-povoamento.tex:95: LaTeX Error: Invalid UTF-8 byte sequence (�\expandafter).

See the LaTeX manual or LaTeX Companion for explanation.
Type  H <return>  for immediate help.
 ...                                              
                                                  
l.95 (2, 220.00, 'Calibração'
                               , 3, 'Calibração e ajuste do ecógrafo port...
The document does not appear to be in UTF-8 encoding.
Try adding \UseRawInputEncoding as the first line of the file
or specify an encoding such as \usepackage [latin1]{inputenc}
in the document preamble.
Alternatively, save the file in UTF-8 using your editor or another tool


./02-texto/6-povoamento.tex:95: LaTeX Error: Invalid UTF-8 byte "A3.

See the LaTeX manual or LaTeX Companion for explanation.
Type  H <return>  for immediate help.
 ...                                              
                                                  
l.95 (2, 220.00, 'Calibração'
                               , 3, 'Calibração e ajuste do ecógrafo port...
The document does not appear to be in UTF-8 encoding.
Try adding \UseRawInputEncoding as the first line of the file
or specify an encoding such as \usepackage [latin1]{inputenc}
in the document preamble.
Alternatively, save the file in UTF-8 using your editor or another tool


./02-texto/6-povoamento.tex:95: LaTeX Error: Invalid UTF-8 byte sequence (�\expandafter).

See the LaTeX manual or LaTeX Companion for explanation.
Type  H <return>  for immediate help.
 ...                                              
                                                  
l.95 (2, 220.00, 'Calibração', 3, 'Calibração 
                                                  e ajuste do ecógrafo port...
The document does not appear to be in UTF-8 encoding.
Try adding \UseRawInputEncoding as the first line of the file
or specify an encoding such as \usepackage [latin1]{inputenc}
in the document preamble.
Alternatively, save the file in UTF-8 using your editor or another tool


./02-texto/6-povoamento.tex:95: LaTeX Error: Invalid UTF-8 byte "A7.

See the LaTeX manual or LaTeX Companion for explanation.
Type  H <return>  for immediate help.
 ...                                              
                                                  
l.95 (2, 220.00, 'Calibração', 3, 'Calibração 
                                                  e ajuste do ecógrafo port...
The document does not appear to be in UTF-8 encoding.
Try adding \UseRawInputEncoding as the first line of the file
or specify an encoding such as \usepackage [latin1]{inputenc}
in the document preamble.
Alternatively, save the file in UTF-8 using your editor or another tool


./02-texto/6-povoamento.tex:95: LaTeX Error: Invalid UTF-8 byte sequence (�\expandafter).

See the LaTeX manual or LaTeX Companion for explanation.
Type  H <return>  for immediate help.
 ...                                              
                                                  
l.95 (2, 220.00, 'Calibração', 3, 'Calibração 
                                                  e ajuste do ecógrafo port...
The document does not appear to be in UTF-8 encoding.
Try adding \UseRawInputEncoding as the first line of the file
or specify an encoding such as \usepackage [latin1]{inputenc}
in the document preamble.
Alternatively, save the file in UTF-8 using your editor or another tool


./02-texto/6-povoamento.tex:95: LaTeX Error: Invalid UTF-8 byte "A3.

See the LaTeX manual or LaTeX Companion for explanation.
Type  H <return>  for immediate help.
 ...                                              
                                                  
l.95 (2, 220.00, 'Calibração', 3, 'Calibração 
                                                  e ajuste do ecógrafo port...
The document does not appear to be in UTF-8 encoding.
Try adding \UseRawInputEncoding as the first line of the file
or specify an encoding such as \usepackage [latin1]{inputenc}
in the document preamble.
Alternatively, save the file in UTF-8 using your editor or another tool


./02-texto/6-povoamento.tex:95: LaTeX Error: Invalid UTF-8 byte sequence (�\expandafter).

See the LaTeX manual or LaTeX Companion for explanation.
Type  H <return>  for immediate help.
 ...                                              
                                                  
l.95 ...', 3, 'Calibração e ajuste do ecógrafo 
                                                  portátil', '2025-02-07', ...
The document does not appear to be in UTF-8 encoding.
Try adding \UseRawInputEncoding as the first line of the file
or specify an encoding such as \usepackage [latin1]{inputenc}
in the document preamble.
Alternatively, save the file in UTF-8 using your editor or another tool


./02-texto/6-povoamento.tex:95: LaTeX Error: Invalid UTF-8 byte "B3.

See the LaTeX manual or LaTeX Companion for explanation.
Type  H <return>  for immediate help.
 ...                                              
                                                  
l.95 ...', 3, 'Calibração e ajuste do ecógrafo 
                                                  portátil', '2025-02-07', ...
The document does not appear to be in UTF-8 encoding.
Try adding \UseRawInputEncoding as the first line of the file
or specify an encoding such as \usepackage [latin1]{inputenc}
in the document preamble.
Alternatively, save the file in UTF-8 using your editor or another tool


./02-texto/6-povoamento.tex:95: LaTeX Error: Invalid UTF-8 byte sequence (�\expandafter).

See the LaTeX manual or LaTeX Companion for explanation.
Type  H <return>  for immediate help.
 ...                                              
                                                  
l.95 ...ibração e ajuste do ecógrafo portátil'
                                                  , '2025-02-07', '2025-02-0...
The document does not appear to be in UTF-8 encoding.
Try adding \UseRawInputEncoding as the first line of the file
or specify an encoding such as \usepackage [latin1]{inputenc}
in the document preamble.
Alternatively, save the file in UTF-8 using your editor or another tool


./02-texto/6-povoamento.tex:95: LaTeX Error: Invalid UTF-8 byte "A1.

See the LaTeX manual or LaTeX Companion for explanation.
Type  H <return>  for immediate help.
 ...                                              
                                                  
l.95 ...ibração e ajuste do ecógrafo portátil'
                                                  , '2025-02-07', '2025-02-0...
The document does not appear to be in UTF-8 encoding.
Try adding \UseRawInputEncoding as the first line of the file
or specify an encoding such as \usepackage [latin1]{inputenc}
in the document preamble.
Alternatively, save the file in UTF-8 using your editor or another tool


./02-texto/6-povoamento.tex:96: LaTeX Error: Invalid UTF-8 byte sequence (�\expandafter).

See the LaTeX manual or LaTeX Companion for explanation.
Type  H <return>  for immediate help.
 ...                                              
                                                  
l.96 (3, 480.00, 'Corretiva', 8, 'Substituição 
                                                 de ecrã do monitor de sina...
The document does not appear to be in UTF-8 encoding.
Try adding \UseRawInputEncoding as the first line of the file
or specify an encoding such as \usepackage [latin1]{inputenc}
in the document preamble.
Alternatively, save the file in UTF-8 using your editor or another tool


./02-texto/6-povoamento.tex:96: LaTeX Error: Invalid UTF-8 byte "A7.

See the LaTeX manual or LaTeX Companion for explanation.
Type  H <return>  for immediate help.
 ...                                              
                                                  
l.96 (3, 480.00, 'Corretiva', 8, 'Substituição 
                                                 de ecrã do monitor de sina...
The document does not appear to be in UTF-8 encoding.
Try adding \UseRawInputEncoding as the first line of the file
or specify an encoding such as \usepackage [latin1]{inputenc}
in the document preamble.
Alternatively, save the file in UTF-8 using your editor or another tool


./02-texto/6-povoamento.tex:96: LaTeX Error: Invalid UTF-8 byte sequence (�\expandafter).

See the LaTeX manual or LaTeX Companion for explanation.
Type  H <return>  for immediate help.
 ...                                              
                                                  
l.96 (3, 480.00, 'Corretiva', 8, 'Substituição 
                                                 de ecrã do monitor de sina...
The document does not appear to be in UTF-8 encoding.
Try adding \UseRawInputEncoding as the first line of the file
or specify an encoding such as \usepackage [latin1]{inputenc}
in the document preamble.
Alternatively, save the file in UTF-8 using your editor or another tool


./02-texto/6-povoamento.tex:96: LaTeX Error: Invalid UTF-8 byte "A3.

See the LaTeX manual or LaTeX Companion for explanation.
Type  H <return>  for immediate help.
 ...                                              
                                                  
l.96 (3, 480.00, 'Corretiva', 8, 'Substituição 
                                                 de ecrã do monitor de sina...
The document does not appear to be in UTF-8 encoding.
Try adding \UseRawInputEncoding as the first line of the file
or specify an encoding such as \usepackage [latin1]{inputenc}
in the document preamble.
Alternatively, save the file in UTF-8 using your editor or another tool


./02-texto/6-povoamento.tex:96: LaTeX Error: Invalid UTF-8 byte sequence (�\expandafter).

See the LaTeX manual or LaTeX Companion for explanation.
Type  H <return>  for immediate help.
 ...                                              
                                                  
l.96 ... 'Corretiva', 8, 'Substituição de ecrã 
                                                  do monitor de sinais vitai...
The document does not appear to be in UTF-8 encoding.
Try adding \UseRawInputEncoding as the first line of the file
or specify an encoding such as \usepackage [latin1]{inputenc}
in the document preamble.
Alternatively, save the file in UTF-8 using your editor or another tool


./02-texto/6-povoamento.tex:96: LaTeX Error: Invalid UTF-8 byte "A3.

See the LaTeX manual or LaTeX Companion for explanation.
Type  H <return>  for immediate help.
 ...                                              
                                                  
l.96 ... 'Corretiva', 8, 'Substituição de ecrã 
                                                  do monitor de sinais vitai...
The document does not appear to be in UTF-8 encoding.
Try adding \UseRawInputEncoding as the first line of the file
or specify an encoding such as \usepackage [latin1]{inputenc}
in the document preamble.
Alternatively, save the file in UTF-8 using your editor or another tool


./02-texto/6-povoamento.tex:97: LaTeX Error: Invalid UTF-8 byte sequence (�\expandafter).

See the LaTeX manual or LaTeX Companion for explanation.
Type  H <return>  for immediate help.
 ...                                              
                                                  
l.97 (4, 150.00, 'Corretiva', 2, 'Substituição 
                                                 de bateria interna do desfi...
The document does not appear to be in UTF-8 encoding.
Try adding \UseRawInputEncoding as the first line of the file
or specify an encoding such as \usepackage [latin1]{inputenc}
in the document preamble.
Alternatively, save the file in UTF-8 using your editor or another tool


./02-texto/6-povoamento.tex:97: LaTeX Error: Invalid UTF-8 byte "A7.

See the LaTeX manual or LaTeX Companion for explanation.
Type  H <return>  for immediate help.
 ...                                              
                                                  
l.97 (4, 150.00, 'Corretiva', 2, 'Substituição 
                                                 de bateria interna do desfi...
The document does not appear to be in UTF-8 encoding.
Try adding \UseRawInputEncoding as the first line of the file
or specify an encoding such as \usepackage [latin1]{inputenc}
in the document preamble.
Alternatively, save the file in UTF-8 using your editor or another tool


./02-texto/6-povoamento.tex:97: LaTeX Error: Invalid UTF-8 byte sequence (�\expandafter).

See the LaTeX manual or LaTeX Companion for explanation.
Type  H <return>  for immediate help.
 ...                                              
                                                  
l.97 (4, 150.00, 'Corretiva', 2, 'Substituição 
                                                 de bateria interna do desfi...
The document does not appear to be in UTF-8 encoding.
Try adding \UseRawInputEncoding as the first line of the file
or specify an encoding such as \usepackage [latin1]{inputenc}
in the document preamble.
Alternatively, save the file in UTF-8 using your editor or another tool


./02-texto/6-povoamento.tex:97: LaTeX Error: Invalid UTF-8 byte "A3.

See the LaTeX manual or LaTeX Companion for explanation.
Type  H <return>  for immediate help.
 ...                                              
                                                  
l.97 (4, 150.00, 'Corretiva', 2, 'Substituição 
                                                 de bateria interna do desfi...
The document does not appear to be in UTF-8 encoding.
Try adding \UseRawInputEncoding as the first line of the file
or specify an encoding such as \usepackage [latin1]{inputenc}
in the document preamble.
Alternatively, save the file in UTF-8 using your editor or another tool


./02-texto/6-povoamento.tex:98: LaTeX Error: Invalid UTF-8 byte sequence (�\expandafter).

See the LaTeX manual or LaTeX Companion for explanation.
Type  H <return>  for immediate help.
 ...                                              
                                                  
l.98 (5, 310.00, 'Preventiva', 5, 'Revisão 
                                            geral da bomba de infusão cont�...
The document does not appear to be in UTF-8 encoding.
Try adding \UseRawInputEncoding as the first line of the file
or specify an encoding such as \usepackage [latin1]{inputenc}
in the document preamble.
Alternatively, save the file in UTF-8 using your editor or another tool


./02-texto/6-povoamento.tex:98: LaTeX Error: Invalid UTF-8 byte "A3.

See the LaTeX manual or LaTeX Companion for explanation.
Type  H <return>  for immediate help.
 ...                                              
                                                  
l.98 (5, 310.00, 'Preventiva', 5, 'Revisão 
                                            geral da bomba de infusão cont�...
The document does not appear to be in UTF-8 encoding.
Try adding \UseRawInputEncoding as the first line of the file
or specify an encoding such as \usepackage [latin1]{inputenc}
in the document preamble.
Alternatively, save the file in UTF-8 using your editor or another tool


./02-texto/6-povoamento.tex:98: LaTeX Error: Invalid UTF-8 byte sequence (�\expandafter).

See the LaTeX manual or LaTeX Companion for explanation.
Type  H <return>  for immediate help.
 ...                                              
                                                  
l.98 ..., 5, 'Revisão geral da bomba de infusão 
                                                  contínua', '2025-03-17', ...
The document does not appear to be in UTF-8 encoding.
Try adding \UseRawInputEncoding as the first line of the file
or specify an encoding such as \usepackage [latin1]{inputenc}
in the document preamble.
Alternatively, save the file in UTF-8 using your editor or another tool


./02-texto/6-povoamento.tex:98: LaTeX Error: Invalid UTF-8 byte "A3.

See the LaTeX manual or LaTeX Companion for explanation.
Type  H <return>  for immediate help.
 ...                                              
                                                  
l.98 ..., 5, 'Revisão geral da bomba de infusão 
                                                  contínua', '2025-03-17', ...
The document does not appear to be in UTF-8 encoding.
Try adding \UseRawInputEncoding as the first line of the file
or specify an encoding such as \usepackage [latin1]{inputenc}
in the document preamble.
Alternatively, save the file in UTF-8 using your editor or another tool


./02-texto/6-povoamento.tex:98: LaTeX Error: Invalid UTF-8 byte sequence (�\expandafter).

See the LaTeX manual or LaTeX Companion for explanation.
Type  H <return>  for immediate help.
 ...                                              
                                                  
l.98 ...são geral da bomba de infusão contínua'
                                                  , '2025-03-17', NULL),
The document does not appear to be in UTF-8 encoding.
Try adding \UseRawInputEncoding as the first line of the file
or specify an encoding such as \usepackage [latin1]{inputenc}
in the document preamble.
Alternatively, save the file in UTF-8 using your editor or another tool


./02-texto/6-povoamento.tex:98: LaTeX Error: Invalid UTF-8 byte "AD.

See the LaTeX manual or LaTeX Companion for explanation.
Type  H <return>  for immediate help.
 ...                                              
                                                  
l.98 ...são geral da bomba de infusão contínua'
                                                  , '2025-03-17', NULL),
The document does not appear to be in UTF-8 encoding.
Try adding \UseRawInputEncoding as the first line of the file
or specify an encoding such as \usepackage [latin1]{inputenc}
in the document preamble.
Alternatively, save the file in UTF-8 using your editor or another tool


./02-texto/6-povoamento.tex:99: LaTeX Error: Invalid UTF-8 byte sequence (�\expandafter).

See the LaTeX manual or LaTeX Companion for explanation.
Type  H <return>  for immediate help.
 ...                                              
                                                  
l.99 (6, 180.00, 'Preventiva', 3, 'Revisão 
                                            e limpeza do eletrocardiógrafo'...
The document does not appear to be in UTF-8 encoding.
Try adding \UseRawInputEncoding as the first line of the file
or specify an encoding such as \usepackage [latin1]{inputenc}
in the document preamble.
Alternatively, save the file in UTF-8 using your editor or another tool


./02-texto/6-povoamento.tex:99: LaTeX Error: Invalid UTF-8 byte "A3.

See the LaTeX manual or LaTeX Companion for explanation.
Type  H <return>  for immediate help.
 ...                                              
                                                  
l.99 (6, 180.00, 'Preventiva', 3, 'Revisão 
                                            e limpeza do eletrocardiógrafo'...
The document does not appear to be in UTF-8 encoding.
Try adding \UseRawInputEncoding as the first line of the file
or specify an encoding such as \usepackage [latin1]{inputenc}
in the document preamble.
Alternatively, save the file in UTF-8 using your editor or another tool


./02-texto/6-povoamento.tex:99: LaTeX Error: Invalid UTF-8 byte sequence (�\expandafter).

See the LaTeX manual or LaTeX Companion for explanation.
Type  H <return>  for immediate help.
 ...                                              
                                                  
l.99 ...'Revisão e limpeza do eletrocardiógrafo'
                                                  , '2025-02-20', '2025-02-2...
The document does not appear to be in UTF-8 encoding.
Try adding \UseRawInputEncoding as the first line of the file
or specify an encoding such as \usepackage [latin1]{inputenc}
in the document preamble.
Alternatively, save the file in UTF-8 using your editor or another tool


./02-texto/6-povoamento.tex:99: LaTeX Error: Invalid UTF-8 byte "B3.

See the LaTeX manual or LaTeX Companion for explanation.
Type  H <return>  for immediate help.
 ...                                              
                                                  
l.99 ...'Revisão e limpeza do eletrocardiógrafo'
                                                  , '2025-02-20', '2025-02-2...
The document does not appear to be in UTF-8 encoding.
Try adding \UseRawInputEncoding as the first line of the file
or specify an encoding such as \usepackage [latin1]{inputenc}
in the document preamble.
Alternatively, save the file in UTF-8 using your editor or another tool

[15]

./02-texto/6-povoamento.tex:101: LaTeX Error: Invalid UTF-8 byte sequence (�\expandafter).

See the LaTeX manual or LaTeX Companion for explanation.
Type  H <return>  for immediate help.
 ...                                              
                                                  
l.101 (8, 260.00, 'Corretiva', 6, 'Diagnóstico 
                                                e reparação do oxímetro d...
The document does not appear to be in UTF-8 encoding.
Try adding \UseRawInputEncoding as the first line of the file
or specify an encoding such as \usepackage [latin1]{inputenc}
in the document preamble.
Alternatively, save the file in UTF-8 using your editor or another tool


./02-texto/6-povoamento.tex:101: LaTeX Error: Invalid UTF-8 byte "B3.

See the LaTeX manual or LaTeX Companion for explanation.
Type  H <return>  for immediate help.
 ...                                              
                                                  
l.101 (8, 260.00, 'Corretiva', 6, 'Diagnóstico 
                                                e reparação do oxímetro d...
The document does not appear to be in UTF-8 encoding.
Try adding \UseRawInputEncoding as the first line of the file
or specify an encoding such as \usepackage [latin1]{inputenc}
in the document preamble.
Alternatively, save the file in UTF-8 using your editor or another tool


./02-texto/6-povoamento.tex:101: LaTeX Error: Invalid UTF-8 byte sequence (�\expandafter).

See the LaTeX manual or LaTeX Companion for explanation.
Type  H <return>  for immediate help.
 ...                                              
                                                  
l.101 ...rretiva', 6, 'Diagnóstico e reparação 
                                                  do oxímetro de pulso', '2...
The document does not appear to be in UTF-8 encoding.
Try adding \UseRawInputEncoding as the first line of the file
or specify an encoding such as \usepackage [latin1]{inputenc}
in the document preamble.
Alternatively, save the file in UTF-8 using your editor or another tool


./02-texto/6-povoamento.tex:101: LaTeX Error: Invalid UTF-8 byte "A7.

See the LaTeX manual or LaTeX Companion for explanation.
Type  H <return>  for immediate help.
 ...                                              
                                                  
l.101 ...rretiva', 6, 'Diagnóstico e reparação 
                                                  do oxímetro de pulso', '2...
The document does not appear to be in UTF-8 encoding.
Try adding \UseRawInputEncoding as the first line of the file
or specify an encoding such as \usepackage [latin1]{inputenc}
in the document preamble.
Alternatively, save the file in UTF-8 using your editor or another tool


./02-texto/6-povoamento.tex:101: LaTeX Error: Invalid UTF-8 byte sequence (�\expandafter).

See the LaTeX manual or LaTeX Companion for explanation.
Type  H <return>  for immediate help.
 ...                                              
                                                  
l.101 ...rretiva', 6, 'Diagnóstico e reparação 
                                                  do oxímetro de pulso', '2...
The document does not appear to be in UTF-8 encoding.
Try adding \UseRawInputEncoding as the first line of the file
or specify an encoding such as \usepackage [latin1]{inputenc}
in the document preamble.
Alternatively, save the file in UTF-8 using your editor or another tool


./02-texto/6-povoamento.tex:101: LaTeX Error: Invalid UTF-8 byte "A3.

See the LaTeX manual or LaTeX Companion for explanation.
Type  H <return>  for immediate help.
 ...                                              
                                                  
l.101 ...rretiva', 6, 'Diagnóstico e reparação 
                                                  do oxímetro de pulso', '2...
The document does not appear to be in UTF-8 encoding.
Try adding \UseRawInputEncoding as the first line of the file
or specify an encoding such as \usepackage [latin1]{inputenc}
in the document preamble.
Alternatively, save the file in UTF-8 using your editor or another tool


./02-texto/6-povoamento.tex:101: LaTeX Error: Invalid UTF-8 byte sequence (�\expandafter).

See the LaTeX manual or LaTeX Companion for explanation.
Type  H <return>  for immediate help.
 ...                                              
                                                  
l.101 ...'Diagnóstico e reparação do oxímetro 
                                                  de pulso', '2025-03-11', N...
The document does not appear to be in UTF-8 encoding.
Try adding \UseRawInputEncoding as the first line of the file
or specify an encoding such as \usepackage [latin1]{inputenc}
in the document preamble.
Alternatively, save the file in UTF-8 using your editor or another tool


./02-texto/6-povoamento.tex:101: LaTeX Error: Invalid UTF-8 byte "AD.

See the LaTeX manual or LaTeX Companion for explanation.
Type  H <return>  for immediate help.
 ...                                              
                                                  
l.101 ...'Diagnóstico e reparação do oxímetro 
                                                  de pulso', '2025-03-11', N...
The document does not appear to be in UTF-8 encoding.
Try adding \UseRawInputEncoding as the first line of the file
or specify an encoding such as \usepackage [latin1]{inputenc}
in the document preamble.
Alternatively, save the file in UTF-8 using your editor or another tool


./02-texto/6-povoamento.tex:102: LaTeX Error: Invalid UTF-8 byte sequence (�\expandafter).

See the LaTeX manual or LaTeX Companion for explanation.
Type  H <return>  for immediate help.
 ...                                              
                                                  
l.102 (9, 70.00, 'Calibração'
                               , 1, 'Verificação de precisão do termómet...
The document does not appear to be in UTF-8 encoding.
Try adding \UseRawInputEncoding as the first line of the file
or specify an encoding such as \usepackage [latin1]{inputenc}
in the document preamble.
Alternatively, save the file in UTF-8 using your editor or another tool


./02-texto/6-povoamento.tex:102: LaTeX Error: Invalid UTF-8 byte "A7.

See the LaTeX manual or LaTeX Companion for explanation.
Type  H <return>  for immediate help.
 ...                                              
                                                  
l.102 (9, 70.00, 'Calibração'
                               , 1, 'Verificação de precisão do termómet...
The document does not appear to be in UTF-8 encoding.
Try adding \UseRawInputEncoding as the first line of the file
or specify an encoding such as \usepackage [latin1]{inputenc}
in the document preamble.
Alternatively, save the file in UTF-8 using your editor or another tool


./02-texto/6-povoamento.tex:102: LaTeX Error: Invalid UTF-8 byte sequence (�\expandafter).

See the LaTeX manual or LaTeX Companion for explanation.
Type  H <return>  for immediate help.
 ...                                              
                                                  
l.102 (9, 70.00, 'Calibração'
                               , 1, 'Verificação de precisão do termómet...
The document does not appear to be in UTF-8 encoding.
Try adding \UseRawInputEncoding as the first line of the file
or specify an encoding such as \usepackage [latin1]{inputenc}
in the document preamble.
Alternatively, save the file in UTF-8 using your editor or another tool


./02-texto/6-povoamento.tex:102: LaTeX Error: Invalid UTF-8 byte "A3.

See the LaTeX manual or LaTeX Companion for explanation.
Type  H <return>  for immediate help.
 ...                                              
                                                  
l.102 (9, 70.00, 'Calibração'
                               , 1, 'Verificação de precisão do termómet...
The document does not appear to be in UTF-8 encoding.
Try adding \UseRawInputEncoding as the first line of the file
or specify an encoding such as \usepackage [latin1]{inputenc}
in the document preamble.
Alternatively, save the file in UTF-8 using your editor or another tool


./02-texto/6-povoamento.tex:102: LaTeX Error: Invalid UTF-8 byte sequence (�\expandafter).

See the LaTeX manual or LaTeX Companion for explanation.
Type  H <return>  for immediate help.
 ...                                              
                                                  
l.102 ...70.00, 'Calibração', 1, 'Verificação 
                                                  de precisão do termómetr...
The document does not appear to be in UTF-8 encoding.
Try adding \UseRawInputEncoding as the first line of the file
or specify an encoding such as \usepackage [latin1]{inputenc}
in the document preamble.
Alternatively, save the file in UTF-8 using your editor or another tool


./02-texto/6-povoamento.tex:102: LaTeX Error: Invalid UTF-8 byte "A7.

See the LaTeX manual or LaTeX Companion for explanation.
Type  H <return>  for immediate help.
 ...                                              
                                                  
l.102 ...70.00, 'Calibração', 1, 'Verificação 
                                                  de precisão do termómetr...
The document does not appear to be in UTF-8 encoding.
Try adding \UseRawInputEncoding as the first line of the file
or specify an encoding such as \usepackage [latin1]{inputenc}
in the document preamble.
Alternatively, save the file in UTF-8 using your editor or another tool


./02-texto/6-povoamento.tex:102: LaTeX Error: Invalid UTF-8 byte sequence (�\expandafter).

See the LaTeX manual or LaTeX Companion for explanation.
Type  H <return>  for immediate help.
 ...                                              
                                                  
l.102 ...70.00, 'Calibração', 1, 'Verificação 
                                                  de precisão do termómetr...
The document does not appear to be in UTF-8 encoding.
Try adding \UseRawInputEncoding as the first line of the file
or specify an encoding such as \usepackage [latin1]{inputenc}
in the document preamble.
Alternatively, save the file in UTF-8 using your editor or another tool


./02-texto/6-povoamento.tex:102: LaTeX Error: Invalid UTF-8 byte "A3.

See the LaTeX manual or LaTeX Companion for explanation.
Type  H <return>  for immediate help.
 ...                                              
                                                  
l.102 ...70.00, 'Calibração', 1, 'Verificação 
                                                  de precisão do termómetr...
The document does not appear to be in UTF-8 encoding.
Try adding \UseRawInputEncoding as the first line of the file
or specify an encoding such as \usepackage [latin1]{inputenc}
in the document preamble.
Alternatively, save the file in UTF-8 using your editor or another tool


./02-texto/6-povoamento.tex:102: LaTeX Error: Invalid UTF-8 byte sequence (�\expandafter).

See the LaTeX manual or LaTeX Companion for explanation.
Type  H <return>  for immediate help.
 ...                                              
                                                  
l.102 ...ração', 1, 'Verificação de precisão 
                                                  do termómetro', '2025-02-...
The document does not appear to be in UTF-8 encoding.
Try adding \UseRawInputEncoding as the first line of the file
or specify an encoding such as \usepackage [latin1]{inputenc}
in the document preamble.
Alternatively, save the file in UTF-8 using your editor or another tool


./02-texto/6-povoamento.tex:102: LaTeX Error: Invalid UTF-8 byte "A3.

See the LaTeX manual or LaTeX Companion for explanation.
Type  H <return>  for immediate help.
 ...                                              
                                                  
l.102 ...ração', 1, 'Verificação de precisão 
                                                  do termómetro', '2025-02-...
The document does not appear to be in UTF-8 encoding.
Try adding \UseRawInputEncoding as the first line of the file
or specify an encoding such as \usepackage [latin1]{inputenc}
in the document preamble.
Alternatively, save the file in UTF-8 using your editor or another tool


./02-texto/6-povoamento.tex:102: LaTeX Error: Invalid UTF-8 byte sequence (�\expandafter).

See the LaTeX manual or LaTeX Companion for explanation.
Type  H <return>  for immediate help.
 ...                                              
                                                  
l.102 ...erificação de precisão do termómetro'
                                                  , '2025-02-26', '2025-02-2...
The document does not appear to be in UTF-8 encoding.
Try adding \UseRawInputEncoding as the first line of the file
or specify an encoding such as \usepackage [latin1]{inputenc}
in the document preamble.
Alternatively, save the file in UTF-8 using your editor or another tool


./02-texto/6-povoamento.tex:102: LaTeX Error: Invalid UTF-8 byte "B3.

See the LaTeX manual or LaTeX Companion for explanation.
Type  H <return>  for immediate help.
 ...                                              
                                                  
l.102 ...erificação de precisão do termómetro'
                                                  , '2025-02-26', '2025-02-2...
The document does not appear to be in UTF-8 encoding.
Try adding \UseRawInputEncoding as the first line of the file
or specify an encoding such as \usepackage [latin1]{inputenc}
in the document preamble.
Alternatively, save the file in UTF-8 using your editor or another tool


./02-texto/6-povoamento.tex:103: LaTeX Error: Invalid UTF-8 byte sequence (�\expandafter).

See the LaTeX manual or LaTeX Companion for explanation.
Type  H <return>  for immediate help.
 ...                                              
                                                  
l.103 (10, 120.00, 'Calibração'
                                 , 2, 'Calibração do esfigmomanómetro dig...
The document does not appear to be in UTF-8 encoding.
Try adding \UseRawInputEncoding as the first line of the file
or specify an encoding such as \usepackage [latin1]{inputenc}
in the document preamble.
Alternatively, save the file in UTF-8 using your editor or another tool


./02-texto/6-povoamento.tex:103: LaTeX Error: Invalid UTF-8 byte "A7.

See the LaTeX manual or LaTeX Companion for explanation.
Type  H <return>  for immediate help.
 ...                                              
                                                  
l.103 (10, 120.00, 'Calibração'
                                 , 2, 'Calibração do esfigmomanómetro dig...
The document does not appear to be in UTF-8 encoding.
Try adding \UseRawInputEncoding as the first line of the file
or specify an encoding such as \usepackage [latin1]{inputenc}
in the document preamble.
Alternatively, save the file in UTF-8 using your editor or another tool


./02-texto/6-povoamento.tex:103: LaTeX Error: Invalid UTF-8 byte sequence (�\expandafter).

See the LaTeX manual or LaTeX Companion for explanation.
Type  H <return>  for immediate help.
 ...                                              
                                                  
l.103 (10, 120.00, 'Calibração'
                                 , 2, 'Calibração do esfigmomanómetro dig...
The document does not appear to be in UTF-8 encoding.
Try adding \UseRawInputEncoding as the first line of the file
or specify an encoding such as \usepackage [latin1]{inputenc}
in the document preamble.
Alternatively, save the file in UTF-8 using your editor or another tool


./02-texto/6-povoamento.tex:103: LaTeX Error: Invalid UTF-8 byte "A3.

See the LaTeX manual or LaTeX Companion for explanation.
Type  H <return>  for immediate help.
 ...                                              
                                                  
l.103 (10, 120.00, 'Calibração'
                                 , 2, 'Calibração do esfigmomanómetro dig...
The document does not appear to be in UTF-8 encoding.
Try adding \UseRawInputEncoding as the first line of the file
or specify an encoding such as \usepackage [latin1]{inputenc}
in the document preamble.
Alternatively, save the file in UTF-8 using your editor or another tool


./02-texto/6-povoamento.tex:103: LaTeX Error: Invalid UTF-8 byte sequence (�\expandafter).

See the LaTeX manual or LaTeX Companion for explanation.
Type  H <return>  for immediate help.
 ...                                              
                                                  
l.103 ...120.00, 'Calibração', 2, 'Calibração 
                                                  do esfigmomanómetro digit...
The document does not appear to be in UTF-8 encoding.
Try adding \UseRawInputEncoding as the first line of the file
or specify an encoding such as \usepackage [latin1]{inputenc}
in the document preamble.
Alternatively, save the file in UTF-8 using your editor or another tool


./02-texto/6-povoamento.tex:103: LaTeX Error: Invalid UTF-8 byte "A7.

See the LaTeX manual or LaTeX Companion for explanation.
Type  H <return>  for immediate help.
 ...                                              
                                                  
l.103 ...120.00, 'Calibração', 2, 'Calibração 
                                                  do esfigmomanómetro digit...
The document does not appear to be in UTF-8 encoding.
Try adding \UseRawInputEncoding as the first line of the file
or specify an encoding such as \usepackage [latin1]{inputenc}
in the document preamble.
Alternatively, save the file in UTF-8 using your editor or another tool


./02-texto/6-povoamento.tex:103: LaTeX Error: Invalid UTF-8 byte sequence (�\expandafter).

See the LaTeX manual or LaTeX Companion for explanation.
Type  H <return>  for immediate help.
 ...                                              
                                                  
l.103 ...120.00, 'Calibração', 2, 'Calibração 
                                                  do esfigmomanómetro digit...
The document does not appear to be in UTF-8 encoding.
Try adding \UseRawInputEncoding as the first line of the file
or specify an encoding such as \usepackage [latin1]{inputenc}
in the document preamble.
Alternatively, save the file in UTF-8 using your editor or another tool


./02-texto/6-povoamento.tex:103: LaTeX Error: Invalid UTF-8 byte "A3.

See the LaTeX manual or LaTeX Companion for explanation.
Type  H <return>  for immediate help.
 ...                                              
                                                  
l.103 ...120.00, 'Calibração', 2, 'Calibração 
                                                  do esfigmomanómetro digit...
The document does not appear to be in UTF-8 encoding.
Try adding \UseRawInputEncoding as the first line of the file
or specify an encoding such as \usepackage [latin1]{inputenc}
in the document preamble.
Alternatively, save the file in UTF-8 using your editor or another tool


./02-texto/6-povoamento.tex:103: LaTeX Error: Invalid UTF-8 byte sequence (�\expandafter).

See the LaTeX manual or LaTeX Companion for explanation.
Type  H <return>  for immediate help.
 ...                                              
                                                  
l.103 ...', 2, 'Calibração do esfigmomanómetro 
                                                  digital', '2025-03-22', NU...
The document does not appear to be in UTF-8 encoding.
Try adding \UseRawInputEncoding as the first line of the file
or specify an encoding such as \usepackage [latin1]{inputenc}
in the document preamble.
Alternatively, save the file in UTF-8 using your editor or another tool


./02-texto/6-povoamento.tex:103: LaTeX Error: Invalid UTF-8 byte "B3.

See the LaTeX manual or LaTeX Companion for explanation.
Type  H <return>  for immediate help.
 ...                                              
                                                  
l.103 ...', 2, 'Calibração do esfigmomanómetro 
                                                  digital', '2025-03-22', NU...
The document does not appear to be in UTF-8 encoding.
Try adding \UseRawInputEncoding as the first line of the file
or specify an encoding such as \usepackage [latin1]{inputenc}
in the document preamble.
Alternatively, save the file in UTF-8 using your editor or another tool


./02-texto/6-povoamento.tex:110: LaTeX Error: Invalid UTF-8 byte sequence (�\expandafter).

See the LaTeX manual or LaTeX Companion for explanation.
Type  H <return>  for immediate help.
 ...                                              
                                                  
l.110 INSERT INTO Manutenção_ordem 
                                     (idOrdem, id_manutenção) VALUES
The document does not appear to be in UTF-8 encoding.
Try adding \UseRawInputEncoding as the first line of the file
or specify an encoding such as \usepackage [latin1]{inputenc}
in the document preamble.
Alternatively, save the file in UTF-8 using your editor or another tool


./02-texto/6-povoamento.tex:110: LaTeX Error: Invalid UTF-8 byte "A7.

See the LaTeX manual or LaTeX Companion for explanation.
Type  H <return>  for immediate help.
 ...                                              
                                                  
l.110 INSERT INTO Manutenção_ordem 
                                     (idOrdem, id_manutenção) VALUES
The document does not appear to be in UTF-8 encoding.
Try adding \UseRawInputEncoding as the first line of the file
or specify an encoding such as \usepackage [latin1]{inputenc}
in the document preamble.
Alternatively, save the file in UTF-8 using your editor or another tool


./02-texto/6-povoamento.tex:110: LaTeX Error: Invalid UTF-8 byte sequence (�\expandafter).

See the LaTeX manual or LaTeX Companion for explanation.
Type  H <return>  for immediate help.
 ...                                              
                                                  
l.110 INSERT INTO Manutenção_ordem 
                                     (idOrdem, id_manutenção) VALUES
The document does not appear to be in UTF-8 encoding.
Try adding \UseRawInputEncoding as the first line of the file
or specify an encoding such as \usepackage [latin1]{inputenc}
in the document preamble.
Alternatively, save the file in UTF-8 using your editor or another tool


./02-texto/6-povoamento.tex:110: LaTeX Error: Invalid UTF-8 byte "A3.

See the LaTeX manual or LaTeX Companion for explanation.
Type  H <return>  for immediate help.
 ...                                              
                                                  
l.110 INSERT INTO Manutenção_ordem 
                                     (idOrdem, id_manutenção) VALUES
The document does not appear to be in UTF-8 encoding.
Try adding \UseRawInputEncoding as the first line of the file
or specify an encoding such as \usepackage [latin1]{inputenc}
in the document preamble.
Alternatively, save the file in UTF-8 using your editor or another tool


./02-texto/6-povoamento.tex:110: LaTeX Error: Invalid UTF-8 byte sequence (�\expandafter).

See the LaTeX manual or LaTeX Companion for explanation.
Type  H <return>  for immediate help.
 ...                                              
                                                  
l.110 ...tenção_ordem (idOrdem, id_manutenção)
                                                   VALUES
The document does not appear to be in UTF-8 encoding.
Try adding \UseRawInputEncoding as the first line of the file
or specify an encoding such as \usepackage [latin1]{inputenc}
in the document preamble.
Alternatively, save the file in UTF-8 using your editor or another tool


./02-texto/6-povoamento.tex:110: LaTeX Error: Invalid UTF-8 byte "A7.

See the LaTeX manual or LaTeX Companion for explanation.
Type  H <return>  for immediate help.
 ...                                              
                                                  
l.110 ...tenção_ordem (idOrdem, id_manutenção)
                                                   VALUES
The document does not appear to be in UTF-8 encoding.
Try adding \UseRawInputEncoding as the first line of the file
or specify an encoding such as \usepackage [latin1]{inputenc}
in the document preamble.
Alternatively, save the file in UTF-8 using your editor or another tool


./02-texto/6-povoamento.tex:110: LaTeX Error: Invalid UTF-8 byte sequence (�\expandafter).

See the LaTeX manual or LaTeX Companion for explanation.
Type  H <return>  for immediate help.
 ...                                              
                                                  
l.110 ...tenção_ordem (idOrdem, id_manutenção)
                                                   VALUES
The document does not appear to be in UTF-8 encoding.
Try adding \UseRawInputEncoding as the first line of the file
or specify an encoding such as \usepackage [latin1]{inputenc}
in the document preamble.
Alternatively, save the file in UTF-8 using your editor or another tool


./02-texto/6-povoamento.tex:110: LaTeX Error: Invalid UTF-8 byte "A3.

See the LaTeX manual or LaTeX Companion for explanation.
Type  H <return>  for immediate help.
 ...                                              
                                                  
l.110 ...tenção_ordem (idOrdem, id_manutenção)
                                                   VALUES
The document does not appear to be in UTF-8 encoding.
Try adding \UseRawInputEncoding as the first line of the file
or specify an encoding such as \usepackage [latin1]{inputenc}
in the document preamble.
Alternatively, save the file in UTF-8 using your editor or another tool


./02-texto/6-povoamento.tex:127: LaTeX Error: Invalid UTF-8 byte sequence (�\expandafter).

See the LaTeX manual or LaTeX Companion for explanation.
Type  H <return>  for immediate help.
 ...                                              
                                                  
l.127 INSERT INTO `Hitórico 
                             de Manutenção` (id_hitórico, resultado, desc...
The document does not appear to be in UTF-8 encoding.
Try adding \UseRawInputEncoding as the first line of the file
or specify an encoding such as \usepackage [latin1]{inputenc}
in the document preamble.
Alternatively, save the file in UTF-8 using your editor or another tool


./02-texto/6-povoamento.tex:127: LaTeX Error: Invalid UTF-8 byte "B3.

See the LaTeX manual or LaTeX Companion for explanation.
Type  H <return>  for immediate help.
 ...                                              
                                                  
l.127 INSERT INTO `Hitórico 
                             de Manutenção` (id_hitórico, resultado, desc...
The document does not appear to be in UTF-8 encoding.
Try adding \UseRawInputEncoding as the first line of the file
or specify an encoding such as \usepackage [latin1]{inputenc}
in the document preamble.
Alternatively, save the file in UTF-8 using your editor or another tool


./02-texto/6-povoamento.tex:127: LaTeX Error: Invalid UTF-8 byte sequence (�\expandafter).

See the LaTeX manual or LaTeX Companion for explanation.
Type  H <return>  for immediate help.
 ...                                              
                                                  
l.127 INSERT INTO `Hitórico de Manutenção`
                                              (id_hitórico, resultado, desc...
The document does not appear to be in UTF-8 encoding.
Try adding \UseRawInputEncoding as the first line of the file
or specify an encoding such as \usepackage [latin1]{inputenc}
in the document preamble.
Alternatively, save the file in UTF-8 using your editor or another tool


./02-texto/6-povoamento.tex:127: LaTeX Error: Invalid UTF-8 byte "A7.

See the LaTeX manual or LaTeX Companion for explanation.
Type  H <return>  for immediate help.
 ...                                              
                                                  
l.127 INSERT INTO `Hitórico de Manutenção`
                                              (id_hitórico, resultado, desc...
The document does not appear to be in UTF-8 encoding.
Try adding \UseRawInputEncoding as the first line of the file
or specify an encoding such as \usepackage [latin1]{inputenc}
in the document preamble.
Alternatively, save the file in UTF-8 using your editor or another tool


./02-texto/6-povoamento.tex:127: LaTeX Error: Invalid UTF-8 byte sequence (�\expandafter).

See the LaTeX manual or LaTeX Companion for explanation.
Type  H <return>  for immediate help.
 ...                                              
                                                  
l.127 INSERT INTO `Hitórico de Manutenção`
                                              (id_hitórico, resultado, desc...
The document does not appear to be in UTF-8 encoding.
Try adding \UseRawInputEncoding as the first line of the file
or specify an encoding such as \usepackage [latin1]{inputenc}
in the document preamble.
Alternatively, save the file in UTF-8 using your editor or another tool


./02-texto/6-povoamento.tex:127: LaTeX Error: Invalid UTF-8 byte "A3.

See the LaTeX manual or LaTeX Companion for explanation.
Type  H <return>  for immediate help.
 ...                                              
                                                  
l.127 INSERT INTO `Hitórico de Manutenção`
                                              (id_hitórico, resultado, desc...
The document does not appear to be in UTF-8 encoding.
Try adding \UseRawInputEncoding as the first line of the file
or specify an encoding such as \usepackage [latin1]{inputenc}
in the document preamble.
Alternatively, save the file in UTF-8 using your editor or another tool


./02-texto/6-povoamento.tex:127: LaTeX Error: Invalid UTF-8 byte sequence (�\expandafter).

See the LaTeX manual or LaTeX Companion for explanation.
Type  H <return>  for immediate help.
 ...                                              
                                                  
l.127 ...Hitórico de Manutenção` (id_hitórico,
                                                   resultado, descrição, d...
The document does not appear to be in UTF-8 encoding.
Try adding \UseRawInputEncoding as the first line of the file
or specify an encoding such as \usepackage [latin1]{inputenc}
in the document preamble.
Alternatively, save the file in UTF-8 using your editor or another tool


./02-texto/6-povoamento.tex:127: LaTeX Error: Invalid UTF-8 byte "B3.

See the LaTeX manual or LaTeX Companion for explanation.
Type  H <return>  for immediate help.
 ...                                              
                                                  
l.127 ...Hitórico de Manutenção` (id_hitórico,
                                                   resultado, descrição, d...
The document does not appear to be in UTF-8 encoding.
Try adding \UseRawInputEncoding as the first line of the file
or specify an encoding such as \usepackage [latin1]{inputenc}
in the document preamble.
Alternatively, save the file in UTF-8 using your editor or another tool


./02-texto/6-povoamento.tex:127: LaTeX Error: Invalid UTF-8 byte sequence (�\expandafter).

See the LaTeX manual or LaTeX Companion for explanation.
Type  H <return>  for immediate help.
 ...                                              
                                                  
l.127 ...o` (id_hitórico, resultado, descrição,
                                                   data) VALUES
The document does not appear to be in UTF-8 encoding.
Try adding \UseRawInputEncoding as the first line of the file
or specify an encoding such as \usepackage [latin1]{inputenc}
in the document preamble.
Alternatively, save the file in UTF-8 using your editor or another tool


./02-texto/6-povoamento.tex:127: LaTeX Error: Invalid UTF-8 byte "A7.

See the LaTeX manual or LaTeX Companion for explanation.
Type  H <return>  for immediate help.
 ...                                              
                                                  
l.127 ...o` (id_hitórico, resultado, descrição,
                                                   data) VALUES
The document does not appear to be in UTF-8 encoding.
Try adding \UseRawInputEncoding as the first line of the file
or specify an encoding such as \usepackage [latin1]{inputenc}
in the document preamble.
Alternatively, save the file in UTF-8 using your editor or another tool


./02-texto/6-povoamento.tex:127: LaTeX Error: Invalid UTF-8 byte sequence (�\expandafter).

See the LaTeX manual or LaTeX Companion for explanation.
Type  H <return>  for immediate help.
 ...                                              
                                                  
l.127 ...o` (id_hitórico, resultado, descrição,
                                                   data) VALUES
The document does not appear to be in UTF-8 encoding.
Try adding \UseRawInputEncoding as the first line of the file
or specify an encoding such as \usepackage [latin1]{inputenc}
in the document preamble.
Alternatively, save the file in UTF-8 using your editor or another tool


./02-texto/6-povoamento.tex:127: LaTeX Error: Invalid UTF-8 byte "A3.

See the LaTeX manual or LaTeX Companion for explanation.
Type  H <return>  for immediate help.
 ...                                              
                                                  
l.127 ...o` (id_hitórico, resultado, descrição,
                                                   data) VALUES
The document does not appear to be in UTF-8 encoding.
Try adding \UseRawInputEncoding as the first line of the file
or specify an encoding such as \usepackage [latin1]{inputenc}
in the document preamble.
Alternatively, save the file in UTF-8 using your editor or another tool


./02-texto/6-povoamento.tex:129: LaTeX Error: Invalid UTF-8 byte sequence (�\expandafter).

See the LaTeX manual or LaTeX Companion for explanation.
Type  H <return>  for immediate help.
 ...                                              
                                                  
l.129 (2, 'Sucesso', 'Ecógrafo 
                                calibrado, imagem dentro dos parâmetros', '...
The document does not appear to be in UTF-8 encoding.
Try adding \UseRawInputEncoding as the first line of the file
or specify an encoding such as \usepackage [latin1]{inputenc}
in the document preamble.
Alternatively, save the file in UTF-8 using your editor or another tool


./02-texto/6-povoamento.tex:129: LaTeX Error: Invalid UTF-8 byte "B3.

See the LaTeX manual or LaTeX Companion for explanation.
Type  H <return>  for immediate help.
 ...                                              
                                                  
l.129 (2, 'Sucesso', 'Ecógrafo 
                                calibrado, imagem dentro dos parâmetros', '...
The document does not appear to be in UTF-8 encoding.
Try adding \UseRawInputEncoding as the first line of the file
or specify an encoding such as \usepackage [latin1]{inputenc}
in the document preamble.
Alternatively, save the file in UTF-8 using your editor or another tool


./02-texto/6-povoamento.tex:129: LaTeX Error: Invalid UTF-8 byte sequence (�\expandafter).

See the LaTeX manual or LaTeX Companion for explanation.
Type  H <return>  for immediate help.
 ...                                              
                                                  
l.129 ...calibrado, imagem dentro dos parâmetros'
                                                  , '2025-02-07'),
The document does not appear to be in UTF-8 encoding.
Try adding \UseRawInputEncoding as the first line of the file
or specify an encoding such as \usepackage [latin1]{inputenc}
in the document preamble.
Alternatively, save the file in UTF-8 using your editor or another tool


./02-texto/6-povoamento.tex:129: LaTeX Error: Invalid UTF-8 byte "A2.

See the LaTeX manual or LaTeX Companion for explanation.
Type  H <return>  for immediate help.
 ...                                              
                                                  
l.129 ...calibrado, imagem dentro dos parâmetros'
                                                  , '2025-02-07'),
The document does not appear to be in UTF-8 encoding.
Try adding \UseRawInputEncoding as the first line of the file
or specify an encoding such as \usepackage [latin1]{inputenc}
in the document preamble.
Alternatively, save the file in UTF-8 using your editor or another tool


./02-texto/6-povoamento.tex:130: LaTeX Error: Invalid UTF-8 byte sequence (�\expandafter).

See the LaTeX manual or LaTeX Companion for explanation.
Type  H <return>  for immediate help.
 ...                                              
                                                  
l.130 (3, 'Em Curso', 'Aguarda peça 
                                     de substituição para o ecrã', '2025-...
The document does not appear to be in UTF-8 encoding.
Try adding \UseRawInputEncoding as the first line of the file
or specify an encoding such as \usepackage [latin1]{inputenc}
in the document preamble.
Alternatively, save the file in UTF-8 using your editor or another tool


./02-texto/6-povoamento.tex:130: LaTeX Error: Invalid UTF-8 byte "A7.

See the LaTeX manual or LaTeX Companion for explanation.
Type  H <return>  for immediate help.
 ...                                              
                                                  
l.130 (3, 'Em Curso', 'Aguarda peça 
                                     de substituição para o ecrã', '2025-...
The document does not appear to be in UTF-8 encoding.
Try adding \UseRawInputEncoding as the first line of the file
or specify an encoding such as \usepackage [latin1]{inputenc}
in the document preamble.
Alternatively, save the file in UTF-8 using your editor or another tool


./02-texto/6-povoamento.tex:130: LaTeX Error: Invalid UTF-8 byte sequence (�\expandafter).

See the LaTeX manual or LaTeX Companion for explanation.
Type  H <return>  for immediate help.
 ...                                              
                                                  
l.130 ...Curso', 'Aguarda peça de substituição 
                                                  para o ecrã', '2025-03-03'),
The document does not appear to be in UTF-8 encoding.
Try adding \UseRawInputEncoding as the first line of the file
or specify an encoding such as \usepackage [latin1]{inputenc}
in the document preamble.
Alternatively, save the file in UTF-8 using your editor or another tool


./02-texto/6-povoamento.tex:130: LaTeX Error: Invalid UTF-8 byte "A7.

See the LaTeX manual or LaTeX Companion for explanation.
Type  H <return>  for immediate help.
 ...                                              
                                                  
l.130 ...Curso', 'Aguarda peça de substituição 
                                                  para o ecrã', '2025-03-03'),
The document does not appear to be in UTF-8 encoding.
Try adding \UseRawInputEncoding as the first line of the file
or specify an encoding such as \usepackage [latin1]{inputenc}
in the document preamble.
Alternatively, save the file in UTF-8 using your editor or another tool


./02-texto/6-povoamento.tex:130: LaTeX Error: Invalid UTF-8 byte sequence (�\expandafter).

See the LaTeX manual or LaTeX Companion for explanation.
Type  H <return>  for immediate help.
 ...                                              
                                                  
l.130 ...Curso', 'Aguarda peça de substituição 
                                                  para o ecrã', '2025-03-03'),
The document does not appear to be in UTF-8 encoding.
Try adding \UseRawInputEncoding as the first line of the file
or specify an encoding such as \usepackage [latin1]{inputenc}
in the document preamble.
Alternatively, save the file in UTF-8 using your editor or another tool


./02-texto/6-povoamento.tex:130: LaTeX Error: Invalid UTF-8 byte "A3.

See the LaTeX manual or LaTeX Companion for explanation.
Type  H <return>  for immediate help.
 ...                                              
                                                  
l.130 ...Curso', 'Aguarda peça de substituição 
                                                  para o ecrã', '2025-03-03'),
The document does not appear to be in UTF-8 encoding.
Try adding \UseRawInputEncoding as the first line of the file
or specify an encoding such as \usepackage [latin1]{inputenc}
in the document preamble.
Alternatively, save the file in UTF-8 using your editor or another tool


./02-texto/6-povoamento.tex:130: LaTeX Error: Invalid UTF-8 byte sequence (�\expandafter).

See the LaTeX manual or LaTeX Companion for explanation.
Type  H <return>  for immediate help.
 ...                                              
                                                  
l.130 ...rda peça de substituição para o ecrã'
                                                  , '2025-03-03'),
The document does not appear to be in UTF-8 encoding.
Try adding \UseRawInputEncoding as the first line of the file
or specify an encoding such as \usepackage [latin1]{inputenc}
in the document preamble.
Alternatively, save the file in UTF-8 using your editor or another tool


./02-texto/6-povoamento.tex:130: LaTeX Error: Invalid UTF-8 byte "A3.

See the LaTeX manual or LaTeX Companion for explanation.
Type  H <return>  for immediate help.
 ...                                              
                                                  
l.130 ...rda peça de substituição para o ecrã'
                                                  , '2025-03-03'),
The document does not appear to be in UTF-8 encoding.
Try adding \UseRawInputEncoding as the first line of the file
or specify an encoding such as \usepackage [latin1]{inputenc}
in the document preamble.
Alternatively, save the file in UTF-8 using your editor or another tool


./02-texto/6-povoamento.tex:131: LaTeX Error: Invalid UTF-8 byte sequence (�\expandafter).

See the LaTeX manual or LaTeX Companion for explanation.
Type  H <return>  for immediate help.
 ...                                              
                                                  
l.131 (4, 'Sucesso', 'Bateria substituída,
                                            desfibrilhador operacional', '20...
The document does not appear to be in UTF-8 encoding.
Try adding \UseRawInputEncoding as the first line of the file
or specify an encoding such as \usepackage [latin1]{inputenc}
in the document preamble.
Alternatively, save the file in UTF-8 using your editor or another tool


./02-texto/6-povoamento.tex:131: LaTeX Error: Invalid UTF-8 byte "AD.

See the LaTeX manual or LaTeX Companion for explanation.
Type  H <return>  for immediate help.
 ...                                              
                                                  
l.131 (4, 'Sucesso', 'Bateria substituída,
                                            desfibrilhador operacional', '20...
The document does not appear to be in UTF-8 encoding.
Try adding \UseRawInputEncoding as the first line of the file
or specify an encoding such as \usepackage [latin1]{inputenc}
in the document preamble.
Alternatively, save the file in UTF-8 using your editor or another tool


./02-texto/6-povoamento.tex:132: LaTeX Error: Invalid UTF-8 byte sequence (�\expandafter).

See the LaTeX manual or LaTeX Companion for explanation.
Type  H <return>  for immediate help.
 ...                                              
                                                  
l.132 (5, 'Em Curso', 'Revisão 
                                iniciada, bomba aguarda diagnóstico complet...
The document does not appear to be in UTF-8 encoding.
Try adding \UseRawInputEncoding as the first line of the file
or specify an encoding such as \usepackage [latin1]{inputenc}
in the document preamble.
Alternatively, save the file in UTF-8 using your editor or another tool


./02-texto/6-povoamento.tex:132: LaTeX Error: Invalid UTF-8 byte "A3.

See the LaTeX manual or LaTeX Companion for explanation.
Type  H <return>  for immediate help.
 ...                                              
                                                  
l.132 (5, 'Em Curso', 'Revisão 
                                iniciada, bomba aguarda diagnóstico complet...
The document does not appear to be in UTF-8 encoding.
Try adding \UseRawInputEncoding as the first line of the file
or specify an encoding such as \usepackage [latin1]{inputenc}
in the document preamble.
Alternatively, save the file in UTF-8 using your editor or another tool


./02-texto/6-povoamento.tex:132: LaTeX Error: Invalid UTF-8 byte sequence (�\expandafter).

See the LaTeX manual or LaTeX Companion for explanation.
Type  H <return>  for immediate help.
 ...                                              
                                                  
l.132 ...ão iniciada, bomba aguarda diagnóstico 
                                                  completo', '2025-03-17'),
The document does not appear to be in UTF-8 encoding.
Try adding \UseRawInputEncoding as the first line of the file
or specify an encoding such as \usepackage [latin1]{inputenc}
in the document preamble.
Alternatively, save the file in UTF-8 using your editor or another tool


./02-texto/6-povoamento.tex:132: LaTeX Error: Invalid UTF-8 byte "B3.

See the LaTeX manual or LaTeX Companion for explanation.
Type  H <return>  for immediate help.
 ...                                              
                                                  
l.132 ...ão iniciada, bomba aguarda diagnóstico 
                                                  completo', '2025-03-17'),
The document does not appear to be in UTF-8 encoding.
Try adding \UseRawInputEncoding as the first line of the file
or specify an encoding such as \usepackage [latin1]{inputenc}
in the document preamble.
Alternatively, save the file in UTF-8 using your editor or another tool


./02-texto/6-povoamento.tex:133: LaTeX Error: Invalid UTF-8 byte sequence (�\expandafter).

See the LaTeX manual or LaTeX Companion for explanation.
Type  H <return>  for immediate help.
 ...                                              
                                                  
l.133 (6, 'Sucesso', 'Eletrocardiógrafo 
                                         revisto, traçado estável', '2025-...
The document does not appear to be in UTF-8 encoding.
Try adding \UseRawInputEncoding as the first line of the file
or specify an encoding such as \usepackage [latin1]{inputenc}
in the document preamble.
Alternatively, save the file in UTF-8 using your editor or another tool


./02-texto/6-povoamento.tex:133: LaTeX Error: Invalid UTF-8 byte "B3.

See the LaTeX manual or LaTeX Companion for explanation.
Type  H <return>  for immediate help.
 ...                                              
                                                  
l.133 (6, 'Sucesso', 'Eletrocardiógrafo 
                                         revisto, traçado estável', '2025-...
The document does not appear to be in UTF-8 encoding.
Try adding \UseRawInputEncoding as the first line of the file
or specify an encoding such as \usepackage [latin1]{inputenc}
in the document preamble.
Alternatively, save the file in UTF-8 using your editor or another tool


./02-texto/6-povoamento.tex:133: LaTeX Error: Invalid UTF-8 byte sequence (�\expandafter).

See the LaTeX manual or LaTeX Companion for explanation.
Type  H <return>  for immediate help.
 ...                                              
                                                  
l.133 ...', 'Eletrocardiógrafo revisto, traçado 
                                                  estável', '2025-02-20'),
The document does not appear to be in UTF-8 encoding.
Try adding \UseRawInputEncoding as the first line of the file
or specify an encoding such as \usepackage [latin1]{inputenc}
in the document preamble.
Alternatively, save the file in UTF-8 using your editor or another tool


./02-texto/6-povoamento.tex:133: LaTeX Error: Invalid UTF-8 byte "A7.

See the LaTeX manual or LaTeX Companion for explanation.
Type  H <return>  for immediate help.
 ...                                              
                                                  
l.133 ...', 'Eletrocardiógrafo revisto, traçado 
                                                  estável', '2025-02-20'),
The document does not appear to be in UTF-8 encoding.
Try adding \UseRawInputEncoding as the first line of the file
or specify an encoding such as \usepackage [latin1]{inputenc}
in the document preamble.
Alternatively, save the file in UTF-8 using your editor or another tool


./02-texto/6-povoamento.tex:133: LaTeX Error: Invalid UTF-8 byte sequence (�\expandafter).

See the LaTeX manual or LaTeX Companion for explanation.
Type  H <return>  for immediate help.
 ...                                              
                                                  
l.133 ...ocardiógrafo revisto, traçado estável'
                                                  , '2025-02-20'),
The document does not appear to be in UTF-8 encoding.
Try adding \UseRawInputEncoding as the first line of the file
or specify an encoding such as \usepackage [latin1]{inputenc}
in the document preamble.
Alternatively, save the file in UTF-8 using your editor or another tool


./02-texto/6-povoamento.tex:133: LaTeX Error: Invalid UTF-8 byte "A1.

See the LaTeX manual or LaTeX Companion for explanation.
Type  H <return>  for immediate help.
 ...                                              
                                                  
l.133 ...ocardiógrafo revisto, traçado estável'
                                                  , '2025-02-20'),
The document does not appear to be in UTF-8 encoding.
Try adding \UseRawInputEncoding as the first line of the file
or specify an encoding such as \usepackage [latin1]{inputenc}
in the document preamble.
Alternatively, save the file in UTF-8 using your editor or another tool

[16]

./02-texto/6-povoamento.tex:135: LaTeX Error: Invalid UTF-8 byte sequence (�\expandafter).

See the LaTeX manual or LaTeX Companion for explanation.
Type  H <return>  for immediate help.
 ...                                              
                                                  
l.135 (8, 'Em Curso', 'Oxímetro 
                                 em diagnóstico, sensor principal suspeito'...
The document does not appear to be in UTF-8 encoding.
Try adding \UseRawInputEncoding as the first line of the file
or specify an encoding such as \usepackage [latin1]{inputenc}
in the document preamble.
Alternatively, save the file in UTF-8 using your editor or another tool


./02-texto/6-povoamento.tex:135: LaTeX Error: Invalid UTF-8 byte "AD.

See the LaTeX manual or LaTeX Companion for explanation.
Type  H <return>  for immediate help.
 ...                                              
                                                  
l.135 (8, 'Em Curso', 'Oxímetro 
                                 em diagnóstico, sensor principal suspeito'...
The document does not appear to be in UTF-8 encoding.
Try adding \UseRawInputEncoding as the first line of the file
or specify an encoding such as \usepackage [latin1]{inputenc}
in the document preamble.
Alternatively, save the file in UTF-8 using your editor or another tool


./02-texto/6-povoamento.tex:135: LaTeX Error: Invalid UTF-8 byte sequence (�\expandafter).

See the LaTeX manual or LaTeX Companion for explanation.
Type  H <return>  for immediate help.
 ...                                              
                                                  
l.135 (8, 'Em Curso', 'Oxímetro em diagnóstico,
                                                  sensor principal suspeito'...
The document does not appear to be in UTF-8 encoding.
Try adding \UseRawInputEncoding as the first line of the file
or specify an encoding such as \usepackage [latin1]{inputenc}
in the document preamble.
Alternatively, save the file in UTF-8 using your editor or another tool


./02-texto/6-povoamento.tex:135: LaTeX Error: Invalid UTF-8 byte "B3.

See the LaTeX manual or LaTeX Companion for explanation.
Type  H <return>  for immediate help.
 ...                                              
                                                  
l.135 (8, 'Em Curso', 'Oxímetro em diagnóstico,
                                                  sensor principal suspeito'...
The document does not appear to be in UTF-8 encoding.
Try adding \UseRawInputEncoding as the first line of the file
or specify an encoding such as \usepackage [latin1]{inputenc}
in the document preamble.
Alternatively, save the file in UTF-8 using your editor or another tool


./02-texto/6-povoamento.tex:136: LaTeX Error: Invalid UTF-8 byte sequence (�\expandafter).

See the LaTeX manual or LaTeX Companion for explanation.
Type  H <return>  for immediate help.
 ...                                              
                                                  
l.136 (9, 'Sucesso', 'Termómetro 
                                  verificado, desvio dentro da margem', '202...
The document does not appear to be in UTF-8 encoding.
Try adding \UseRawInputEncoding as the first line of the file
or specify an encoding such as \usepackage [latin1]{inputenc}
in the document preamble.
Alternatively, save the file in UTF-8 using your editor or another tool


./02-texto/6-povoamento.tex:136: LaTeX Error: Invalid UTF-8 byte "B3.

See the LaTeX manual or LaTeX Companion for explanation.
Type  H <return>  for immediate help.
 ...                                              
                                                  
l.136 (9, 'Sucesso', 'Termómetro 
                                  verificado, desvio dentro da margem', '202...
The document does not appear to be in UTF-8 encoding.
Try adding \UseRawInputEncoding as the first line of the file
or specify an encoding such as \usepackage [latin1]{inputenc}
in the document preamble.
Alternatively, save the file in UTF-8 using your editor or another tool


./02-texto/6-povoamento.tex:137: LaTeX Error: Invalid UTF-8 byte sequence (�\expandafter).

See the LaTeX manual or LaTeX Companion for explanation.
Type  H <return>  for immediate help.
 ...                                              
                                                  
l.137 (10, 'Pendente', 'Calibração 
                                     agendada, equipamento operacional', '20...
The document does not appear to be in UTF-8 encoding.
Try adding \UseRawInputEncoding as the first line of the file
or specify an encoding such as \usepackage [latin1]{inputenc}
in the document preamble.
Alternatively, save the file in UTF-8 using your editor or another tool


./02-texto/6-povoamento.tex:137: LaTeX Error: Invalid UTF-8 byte "A7.

See the LaTeX manual or LaTeX Companion for explanation.
Type  H <return>  for immediate help.
 ...                                              
                                                  
l.137 (10, 'Pendente', 'Calibração 
                                     agendada, equipamento operacional', '20...
The document does not appear to be in UTF-8 encoding.
Try adding \UseRawInputEncoding as the first line of the file
or specify an encoding such as \usepackage [latin1]{inputenc}
in the document preamble.
Alternatively, save the file in UTF-8 using your editor or another tool


./02-texto/6-povoamento.tex:137: LaTeX Error: Invalid UTF-8 byte sequence (�\expandafter).

See the LaTeX manual or LaTeX Companion for explanation.
Type  H <return>  for immediate help.
 ...                                              
                                                  
l.137 (10, 'Pendente', 'Calibração 
                                     agendada, equipamento operacional', '20...
The document does not appear to be in UTF-8 encoding.
Try adding \UseRawInputEncoding as the first line of the file
or specify an encoding such as \usepackage [latin1]{inputenc}
in the document preamble.
Alternatively, save the file in UTF-8 using your editor or another tool


./02-texto/6-povoamento.tex:137: LaTeX Error: Invalid UTF-8 byte "A3.

See the LaTeX manual or LaTeX Companion for explanation.
Type  H <return>  for immediate help.
 ...                                              
                                                  
l.137 (10, 'Pendente', 'Calibração 
                                     agendada, equipamento operacional', '20...
The document does not appear to be in UTF-8 encoding.
Try adding \UseRawInputEncoding as the first line of the file
or specify an encoding such as \usepackage [latin1]{inputenc}
in the document preamble.
Alternatively, save the file in UTF-8 using your editor or another tool


./02-texto/6-povoamento.tex:144: LaTeX Error: Invalid UTF-8 byte sequence (�\expandafter).

See the LaTeX manual or LaTeX Companion for explanation.
Type  H <return>  for immediate help.
 ...                                              
                                                  
l.144 INSERT INTO Peça 
                        (id_peça, preço, designação, validade_peça) VALUES
The document does not appear to be in UTF-8 encoding.
Try adding \UseRawInputEncoding as the first line of the file
or specify an encoding such as \usepackage [latin1]{inputenc}
in the document preamble.
Alternatively, save the file in UTF-8 using your editor or another tool


./02-texto/6-povoamento.tex:144: LaTeX Error: Invalid UTF-8 byte "A7.

See the LaTeX manual or LaTeX Companion for explanation.
Type  H <return>  for immediate help.
 ...                                              
                                                  
l.144 INSERT INTO Peça 
                        (id_peça, preço, designação, validade_peça) VALUES
The document does not appear to be in UTF-8 encoding.
Try adding \UseRawInputEncoding as the first line of the file
or specify an encoding such as \usepackage [latin1]{inputenc}
in the document preamble.
Alternatively, save the file in UTF-8 using your editor or another tool


./02-texto/6-povoamento.tex:144: LaTeX Error: Invalid UTF-8 byte sequence (�\expandafter).

See the LaTeX manual or LaTeX Companion for explanation.
Type  H <return>  for immediate help.
 ...                                              
                                                  
l.144 INSERT INTO Peça (id_peça,
                                   preço, designação, validade_peça) VALUES
The document does not appear to be in UTF-8 encoding.
Try adding \UseRawInputEncoding as the first line of the file
or specify an encoding such as \usepackage [latin1]{inputenc}
in the document preamble.
Alternatively, save the file in UTF-8 using your editor or another tool


./02-texto/6-povoamento.tex:144: LaTeX Error: Invalid UTF-8 byte "A7.

See the LaTeX manual or LaTeX Companion for explanation.
Type  H <return>  for immediate help.
 ...                                              
                                                  
l.144 INSERT INTO Peça (id_peça,
                                   preço, designação, validade_peça) VALUES
The document does not appear to be in UTF-8 encoding.
Try adding \UseRawInputEncoding as the first line of the file
or specify an encoding such as \usepackage [latin1]{inputenc}
in the document preamble.
Alternatively, save the file in UTF-8 using your editor or another tool


./02-texto/6-povoamento.tex:144: LaTeX Error: Invalid UTF-8 byte sequence (�\expandafter).

See the LaTeX manual or LaTeX Companion for explanation.
Type  H <return>  for immediate help.
 ...                                              
                                                  
l.144 INSERT INTO Peça (id_peça, preço,
                                           designação, validade_peça) VALUES
The document does not appear to be in UTF-8 encoding.
Try adding \UseRawInputEncoding as the first line of the file
or specify an encoding such as \usepackage [latin1]{inputenc}
in the document preamble.
Alternatively, save the file in UTF-8 using your editor or another tool


./02-texto/6-povoamento.tex:144: LaTeX Error: Invalid UTF-8 byte "A7.

See the LaTeX manual or LaTeX Companion for explanation.
Type  H <return>  for immediate help.
 ...                                              
                                                  
l.144 INSERT INTO Peça (id_peça, preço,
                                           designação, validade_peça) VALUES
The document does not appear to be in UTF-8 encoding.
Try adding \UseRawInputEncoding as the first line of the file
or specify an encoding such as \usepackage [latin1]{inputenc}
in the document preamble.
Alternatively, save the file in UTF-8 using your editor or another tool


./02-texto/6-povoamento.tex:144: LaTeX Error: Invalid UTF-8 byte sequence (�\expandafter).

See the LaTeX manual or LaTeX Companion for explanation.
Type  H <return>  for immediate help.
 ...                                              
                                                  
l.144 ...TO Peça (id_peça, preço, designação,
                                                   validade_peça) VALUES
The document does not appear to be in UTF-8 encoding.
Try adding \UseRawInputEncoding as the first line of the file
or specify an encoding such as \usepackage [latin1]{inputenc}
in the document preamble.
Alternatively, save the file in UTF-8 using your editor or another tool


./02-texto/6-povoamento.tex:144: LaTeX Error: Invalid UTF-8 byte "A7.

See the LaTeX manual or LaTeX Companion for explanation.
Type  H <return>  for immediate help.
 ...                                              
                                                  
l.144 ...TO Peça (id_peça, preço, designação,
                                                   validade_peça) VALUES
The document does not appear to be in UTF-8 encoding.
Try adding \UseRawInputEncoding as the first line of the file
or specify an encoding such as \usepackage [latin1]{inputenc}
in the document preamble.
Alternatively, save the file in UTF-8 using your editor or another tool


./02-texto/6-povoamento.tex:144: LaTeX Error: Invalid UTF-8 byte sequence (�\expandafter).

See the LaTeX manual or LaTeX Companion for explanation.
Type  H <return>  for immediate help.
 ...                                              
                                                  
l.144 ...TO Peça (id_peça, preço, designação,
                                                   validade_peça) VALUES
The document does not appear to be in UTF-8 encoding.
Try adding \UseRawInputEncoding as the first line of the file
or specify an encoding such as \usepackage [latin1]{inputenc}
in the document preamble.
Alternatively, save the file in UTF-8 using your editor or another tool


./02-texto/6-povoamento.tex:144: LaTeX Error: Invalid UTF-8 byte "A3.

See the LaTeX manual or LaTeX Companion for explanation.
Type  H <return>  for immediate help.
 ...                                              
                                                  
l.144 ...TO Peça (id_peça, preço, designação,
                                                   validade_peça) VALUES
The document does not appear to be in UTF-8 encoding.
Try adding \UseRawInputEncoding as the first line of the file
or specify an encoding such as \usepackage [latin1]{inputenc}
in the document preamble.
Alternatively, save the file in UTF-8 using your editor or another tool


./02-texto/6-povoamento.tex:144: LaTeX Error: Invalid UTF-8 byte sequence (�\expandafter).

See the LaTeX manual or LaTeX Companion for explanation.
Type  H <return>  for immediate help.
 ...                                              
                                                  
l.144 ...�a, preço, designação, validade_peça)
                                                   VALUES
The document does not appear to be in UTF-8 encoding.
Try adding \UseRawInputEncoding as the first line of the file
or specify an encoding such as \usepackage [latin1]{inputenc}
in the document preamble.
Alternatively, save the file in UTF-8 using your editor or another tool


./02-texto/6-povoamento.tex:144: LaTeX Error: Invalid UTF-8 byte "A7.

See the LaTeX manual or LaTeX Companion for explanation.
Type  H <return>  for immediate help.
 ...                                              
                                                  
l.144 ...�a, preço, designação, validade_peça)
                                                   VALUES
The document does not appear to be in UTF-8 encoding.
Try adding \UseRawInputEncoding as the first line of the file
or specify an encoding such as \usepackage [latin1]{inputenc}
in the document preamble.
Alternatively, save the file in UTF-8 using your editor or another tool


./02-texto/6-povoamento.tex:146: LaTeX Error: Invalid UTF-8 byte sequence (�\expandafter).

See the LaTeX manual or LaTeX Companion for explanation.
Type  H <return>  for immediate help.
 ...                                              
                                                  
l.146 (2, 210.00, 'Sonda ecográfica 
                                     convexa', '2028-06-30'),
The document does not appear to be in UTF-8 encoding.
Try adding \UseRawInputEncoding as the first line of the file
or specify an encoding such as \usepackage [latin1]{inputenc}
in the document preamble.
Alternatively, save the file in UTF-8 using your editor or another tool


./02-texto/6-povoamento.tex:146: LaTeX Error: Invalid UTF-8 byte "A1.

See the LaTeX manual or LaTeX Companion for explanation.
Type  H <return>  for immediate help.
 ...                                              
                                                  
l.146 (2, 210.00, 'Sonda ecográfica 
                                     convexa', '2028-06-30'),
The document does not appear to be in UTF-8 encoding.
Try adding \UseRawInputEncoding as the first line of the file
or specify an encoding such as \usepackage [latin1]{inputenc}
in the document preamble.
Alternatively, save the file in UTF-8 using your editor or another tool


./02-texto/6-povoamento.tex:147: LaTeX Error: Invalid UTF-8 byte sequence (�\expandafter).

See the LaTeX manual or LaTeX Companion for explanation.
Type  H <return>  for immediate help.
 ...                                              
                                                  
l.147 (3, 320.00, 'Ecrã 
                         tátil monitor sinais vitais', '2029-01-01'),
The document does not appear to be in UTF-8 encoding.
Try adding \UseRawInputEncoding as the first line of the file
or specify an encoding such as \usepackage [latin1]{inputenc}
in the document preamble.
Alternatively, save the file in UTF-8 using your editor or another tool


./02-texto/6-povoamento.tex:147: LaTeX Error: Invalid UTF-8 byte "A3.

See the LaTeX manual or LaTeX Companion for explanation.
Type  H <return>  for immediate help.
 ...                                              
                                                  
l.147 (3, 320.00, 'Ecrã 
                         tátil monitor sinais vitais', '2029-01-01'),
The document does not appear to be in UTF-8 encoding.
Try adding \UseRawInputEncoding as the first line of the file
or specify an encoding such as \usepackage [latin1]{inputenc}
in the document preamble.
Alternatively, save the file in UTF-8 using your editor or another tool


./02-texto/6-povoamento.tex:147: LaTeX Error: Invalid UTF-8 byte sequence (�\expandafter).

See the LaTeX manual or LaTeX Companion for explanation.
Type  H <return>  for immediate help.
 ...                                              
                                                  
l.147 (3, 320.00, 'Ecrã tátil 
                                monitor sinais vitais', '2029-01-01'),
The document does not appear to be in UTF-8 encoding.
Try adding \UseRawInputEncoding as the first line of the file
or specify an encoding such as \usepackage [latin1]{inputenc}
in the document preamble.
Alternatively, save the file in UTF-8 using your editor or another tool


./02-texto/6-povoamento.tex:147: LaTeX Error: Invalid UTF-8 byte "A1.

See the LaTeX manual or LaTeX Companion for explanation.
Type  H <return>  for immediate help.
 ...                                              
                                                  
l.147 (3, 320.00, 'Ecrã tátil 
                                monitor sinais vitais', '2029-01-01'),
The document does not appear to be in UTF-8 encoding.
Try adding \UseRawInputEncoding as the first line of the file
or specify an encoding such as \usepackage [latin1]{inputenc}
in the document preamble.
Alternatively, save the file in UTF-8 using your editor or another tool


./02-texto/6-povoamento.tex:149: LaTeX Error: Invalid UTF-8 byte sequence (�\expandafter).

See the LaTeX manual or LaTeX Companion for explanation.
Type  H <return>  for immediate help.
 ...                                              
                                                  
l.149 (5, 140.00, 'Rotor bomba de infusão'
                                           , '2027-06-30'),
The document does not appear to be in UTF-8 encoding.
Try adding \UseRawInputEncoding as the first line of the file
or specify an encoding such as \usepackage [latin1]{inputenc}
in the document preamble.
Alternatively, save the file in UTF-8 using your editor or another tool


./02-texto/6-povoamento.tex:149: LaTeX Error: Invalid UTF-8 byte "A3.

See the LaTeX manual or LaTeX Companion for explanation.
Type  H <return>  for immediate help.
 ...                                              
                                                  
l.149 (5, 140.00, 'Rotor bomba de infusão'
                                           , '2027-06-30'),
The document does not appear to be in UTF-8 encoding.
Try adding \UseRawInputEncoding as the first line of the file
or specify an encoding such as \usepackage [latin1]{inputenc}
in the document preamble.
Alternatively, save the file in UTF-8 using your editor or another tool


./02-texto/6-povoamento.tex:150: LaTeX Error: Invalid UTF-8 byte sequence (�\expandafter).

See the LaTeX manual or LaTeX Companion for explanation.
Type  H <return>  for immediate help.
 ...                                              
                                                  
l.150 (6, 60.00, 'Cabo de eléctrodos 
                                      ECG', '2028-01-01'),
The document does not appear to be in UTF-8 encoding.
Try adding \UseRawInputEncoding as the first line of the file
or specify an encoding such as \usepackage [latin1]{inputenc}
in the document preamble.
Alternatively, save the file in UTF-8 using your editor or another tool


./02-texto/6-povoamento.tex:150: LaTeX Error: Invalid UTF-8 byte "A9.

See the LaTeX manual or LaTeX Companion for explanation.
Type  H <return>  for immediate help.
 ...                                              
                                                  
l.150 (6, 60.00, 'Cabo de eléctrodos 
                                      ECG', '2028-01-01'),
The document does not appear to be in UTF-8 encoding.
Try adding \UseRawInputEncoding as the first line of the file
or specify an encoding such as \usepackage [latin1]{inputenc}
in the document preamble.
Alternatively, save the file in UTF-8 using your editor or another tool


./02-texto/6-povoamento.tex:151: LaTeX Error: Invalid UTF-8 byte sequence (�\expandafter).

See the LaTeX manual or LaTeX Companion for explanation.
Type  H <return>  for immediate help.
 ...                                              
                                                  
l.151 (7, 45.00, 'Filtro aspirador secreções'
                                               , '2027-03-31'),
The document does not appear to be in UTF-8 encoding.
Try adding \UseRawInputEncoding as the first line of the file
or specify an encoding such as \usepackage [latin1]{inputenc}
in the document preamble.
Alternatively, save the file in UTF-8 using your editor or another tool


./02-texto/6-povoamento.tex:151: LaTeX Error: Invalid UTF-8 byte "A7.

See the LaTeX manual or LaTeX Companion for explanation.
Type  H <return>  for immediate help.
 ...                                              
                                                  
l.151 (7, 45.00, 'Filtro aspirador secreções'
                                               , '2027-03-31'),
The document does not appear to be in UTF-8 encoding.
Try adding \UseRawInputEncoding as the first line of the file
or specify an encoding such as \usepackage [latin1]{inputenc}
in the document preamble.
Alternatively, save the file in UTF-8 using your editor or another tool


./02-texto/6-povoamento.tex:151: LaTeX Error: Invalid UTF-8 byte sequence (�\expandafter).

See the LaTeX manual or LaTeX Companion for explanation.
Type  H <return>  for immediate help.
 ...                                              
                                                  
l.151 (7, 45.00, 'Filtro aspirador secreções'
                                               , '2027-03-31'),
The document does not appear to be in UTF-8 encoding.
Try adding \UseRawInputEncoding as the first line of the file
or specify an encoding such as \usepackage [latin1]{inputenc}
in the document preamble.
Alternatively, save the file in UTF-8 using your editor or another tool


./02-texto/6-povoamento.tex:151: LaTeX Error: Invalid UTF-8 byte "B5.

See the LaTeX manual or LaTeX Companion for explanation.
Type  H <return>  for immediate help.
 ...                                              
                                                  
l.151 (7, 45.00, 'Filtro aspirador secreções'
                                               , '2027-03-31'),
The document does not appear to be in UTF-8 encoding.
Try adding \UseRawInputEncoding as the first line of the file
or specify an encoding such as \usepackage [latin1]{inputenc}
in the document preamble.
Alternatively, save the file in UTF-8 using your editor or another tool


./02-texto/6-povoamento.tex:152: LaTeX Error: Invalid UTF-8 byte sequence (�\expandafter).

See the LaTeX manual or LaTeX Companion for explanation.
Type  H <return>  for immediate help.
 ...                                              
                                                  
l.152 (8, 175.00, 'Sensor SpO2 oxímetro 
                                         de pulso', '2028-09-30'),
The document does not appear to be in UTF-8 encoding.
Try adding \UseRawInputEncoding as the first line of the file
or specify an encoding such as \usepackage [latin1]{inputenc}
in the document preamble.
Alternatively, save the file in UTF-8 using your editor or another tool


./02-texto/6-povoamento.tex:152: LaTeX Error: Invalid UTF-8 byte "AD.

See the LaTeX manual or LaTeX Companion for explanation.
Type  H <return>  for immediate help.
 ...                                              
                                                  
l.152 (8, 175.00, 'Sensor SpO2 oxímetro 
                                         de pulso', '2028-09-30'),
The document does not appear to be in UTF-8 encoding.
Try adding \UseRawInputEncoding as the first line of the file
or specify an encoding such as \usepackage [latin1]{inputenc}
in the document preamble.
Alternatively, save the file in UTF-8 using your editor or another tool


./02-texto/6-povoamento.tex:153: LaTeX Error: Invalid UTF-8 byte sequence (�\expandafter).

See the LaTeX manual or LaTeX Companion for explanation.
Type  H <return>  for immediate help.
 ...                                              
                                                  
l.153 (9, 30.00, 'Pilhas alcalinas termómetro'
                                               , '2026-06-30'),
The document does not appear to be in UTF-8 encoding.
Try adding \UseRawInputEncoding as the first line of the file
or specify an encoding such as \usepackage [latin1]{inputenc}
in the document preamble.
Alternatively, save the file in UTF-8 using your editor or another tool


./02-texto/6-povoamento.tex:153: LaTeX Error: Invalid UTF-8 byte "B3.

See the LaTeX manual or LaTeX Companion for explanation.
Type  H <return>  for immediate help.
 ...                                              
                                                  
l.153 (9, 30.00, 'Pilhas alcalinas termómetro'
                                               , '2026-06-30'),
The document does not appear to be in UTF-8 encoding.
Try adding \UseRawInputEncoding as the first line of the file
or specify an encoding such as \usepackage [latin1]{inputenc}
in the document preamble.
Alternatively, save the file in UTF-8 using your editor or another tool


./02-texto/6-povoamento.tex:154: LaTeX Error: Invalid UTF-8 byte sequence (�\expandafter).

See the LaTeX manual or LaTeX Companion for explanation.
Type  H <return>  for immediate help.
 ...                                              
                                                  
l.154 (10, 55.00, 'Manguito esfigmomanómetro 
                                              adulto', '2027-12-31');
The document does not appear to be in UTF-8 encoding.
Try adding \UseRawInputEncoding as the first line of the file
or specify an encoding such as \usepackage [latin1]{inputenc}
in the document preamble.
Alternatively, save the file in UTF-8 using your editor or another tool


./02-texto/6-povoamento.tex:154: LaTeX Error: Invalid UTF-8 byte "B3.

See the LaTeX manual or LaTeX Companion for explanation.
Type  H <return>  for immediate help.
 ...                                              
                                                  
l.154 (10, 55.00, 'Manguito esfigmomanómetro 
                                              adulto', '2027-12-31');
The document does not appear to be in UTF-8 encoding.
Try adding \UseRawInputEncoding as the first line of the file
or specify an encoding such as \usepackage [latin1]{inputenc}
in the document preamble.
Alternatively, save the file in UTF-8 using your editor or another tool


./02-texto/6-povoamento.tex:161: LaTeX Error: Invalid UTF-8 byte sequence (�\expandafter).

See the LaTeX manual or LaTeX Companion for explanation.
Type  H <return>  for immediate help.
 ...                                              
                                                  
l.161 ...RT INTO Fornece (id_fornecedor, id_peça,
                                                   data_compra) VALUES
The document does not appear to be in UTF-8 encoding.
Try adding \UseRawInputEncoding as the first line of the file
or specify an encoding such as \usepackage [latin1]{inputenc}
in the document preamble.
Alternatively, save the file in UTF-8 using your editor or another tool


./02-texto/6-povoamento.tex:161: LaTeX Error: Invalid UTF-8 byte "A7.

See the LaTeX manual or LaTeX Companion for explanation.
Type  H <return>  for immediate help.
 ...                                              
                                                  
l.161 ...RT INTO Fornece (id_fornecedor, id_peça,
                                                   data_compra) VALUES
The document does not appear to be in UTF-8 encoding.
Try adding \UseRawInputEncoding as the first line of the file
or specify an encoding such as \usepackage [latin1]{inputenc}
in the document preamble.
Alternatively, save the file in UTF-8 using your editor or another tool

[17]

./02-texto/6-povoamento.tex:178: LaTeX Error: Invalid UTF-8 byte sequence (�\expandafter).

See the LaTeX manual or LaTeX Companion for explanation.
Type  H <return>  for immediate help.
 ...                                              
                                                  
l.178 INSERT INTO `Fornecedor Peças`
                                      (id_fornecedor, contacto, empresa) VALUES
The document does not appear to be in UTF-8 encoding.
Try adding \UseRawInputEncoding as the first line of the file
or specify an encoding such as \usepackage [latin1]{inputenc}
in the document preamble.
Alternatively, save the file in UTF-8 using your editor or another tool


./02-texto/6-povoamento.tex:178: LaTeX Error: Invalid UTF-8 byte "A7.

See the LaTeX manual or LaTeX Companion for explanation.
Type  H <return>  for immediate help.
 ...                                              
                                                  
l.178 INSERT INTO `Fornecedor Peças`
                                      (id_fornecedor, contacto, empresa) VALUES
The document does not appear to be in UTF-8 encoding.
Try adding \UseRawInputEncoding as the first line of the file
or specify an encoding such as \usepackage [latin1]{inputenc}
in the document preamble.
Alternatively, save the file in UTF-8 using your editor or another tool


./02-texto/6-povoamento.tex:179: LaTeX Error: Invalid UTF-8 byte sequence (�\expandafter).

See the LaTeX manual or LaTeX Companion for explanation.
Type  H <return>  for immediate help.
 ...                                              
                                                  
l.179 (1, '210100200', 'MedTech Ibérica,
                                          Lda.'),
The document does not appear to be in UTF-8 encoding.
Try adding \UseRawInputEncoding as the first line of the file
or specify an encoding such as \usepackage [latin1]{inputenc}
in the document preamble.
Alternatively, save the file in UTF-8 using your editor or another tool


./02-texto/6-povoamento.tex:179: LaTeX Error: Invalid UTF-8 byte "A9.

See the LaTeX manual or LaTeX Companion for explanation.
Type  H <return>  for immediate help.
 ...                                              
                                                  
l.179 (1, '210100200', 'MedTech Ibérica,
                                          Lda.'),
The document does not appear to be in UTF-8 encoding.
Try adding \UseRawInputEncoding as the first line of the file
or specify an encoding such as \usepackage [latin1]{inputenc}
in the document preamble.
Alternatively, save the file in UTF-8 using your editor or another tool


./02-texto/6-povoamento.tex:190: LaTeX Error: Invalid UTF-8 byte sequence (�\expandafter).

See the LaTeX manual or LaTeX Companion for explanation.
Type  H <return>  for immediate help.
 ...                                              
                                                  
l.190 INSERT INTO Manutenção_Peça 
                                     (id_manutenção, id_peça) VALUES
The document does not appear to be in UTF-8 encoding.
Try adding \UseRawInputEncoding as the first line of the file
or specify an encoding such as \usepackage [latin1]{inputenc}
in the document preamble.
Alternatively, save the file in UTF-8 using your editor or another tool


./02-texto/6-povoamento.tex:190: LaTeX Error: Invalid UTF-8 byte "A7.

See the LaTeX manual or LaTeX Companion for explanation.
Type  H <return>  for immediate help.
 ...                                              
                                                  
l.190 INSERT INTO Manutenção_Peça 
                                     (id_manutenção, id_peça) VALUES
The document does not appear to be in UTF-8 encoding.
Try adding \UseRawInputEncoding as the first line of the file
or specify an encoding such as \usepackage [latin1]{inputenc}
in the document preamble.
Alternatively, save the file in UTF-8 using your editor or another tool


./02-texto/6-povoamento.tex:190: LaTeX Error: Invalid UTF-8 byte sequence (�\expandafter).

See the LaTeX manual or LaTeX Companion for explanation.
Type  H <return>  for immediate help.
 ...                                              
                                                  
l.190 INSERT INTO Manutenção_Peça 
                                     (id_manutenção, id_peça) VALUES
The document does not appear to be in UTF-8 encoding.
Try adding \UseRawInputEncoding as the first line of the file
or specify an encoding such as \usepackage [latin1]{inputenc}
in the document preamble.
Alternatively, save the file in UTF-8 using your editor or another tool


./02-texto/6-povoamento.tex:190: LaTeX Error: Invalid UTF-8 byte "A3.

See the LaTeX manual or LaTeX Companion for explanation.
Type  H <return>  for immediate help.
 ...                                              
                                                  
l.190 INSERT INTO Manutenção_Peça 
                                     (id_manutenção, id_peça) VALUES
The document does not appear to be in UTF-8 encoding.
Try adding \UseRawInputEncoding as the first line of the file
or specify an encoding such as \usepackage [latin1]{inputenc}
in the document preamble.
Alternatively, save the file in UTF-8 using your editor or another tool


./02-texto/6-povoamento.tex:190: LaTeX Error: Invalid UTF-8 byte sequence (�\expandafter).

See the LaTeX manual or LaTeX Companion for explanation.
Type  H <return>  for immediate help.
 ...                                              
                                                  
l.190 INSERT INTO Manutenção_Peça 
                                     (id_manutenção, id_peça) VALUES
The document does not appear to be in UTF-8 encoding.
Try adding \UseRawInputEncoding as the first line of the file
or specify an encoding such as \usepackage [latin1]{inputenc}
in the document preamble.
Alternatively, save the file in UTF-8 using your editor or another tool


./02-texto/6-povoamento.tex:190: LaTeX Error: Invalid UTF-8 byte "A7.

See the LaTeX manual or LaTeX Companion for explanation.
Type  H <return>  for immediate help.
 ...                                              
                                                  
l.190 INSERT INTO Manutenção_Peça 
                                     (id_manutenção, id_peça) VALUES
The document does not appear to be in UTF-8 encoding.
Try adding \UseRawInputEncoding as the first line of the file
or specify an encoding such as \usepackage [latin1]{inputenc}
in the document preamble.
Alternatively, save the file in UTF-8 using your editor or another tool


./02-texto/6-povoamento.tex:190: LaTeX Error: Invalid UTF-8 byte sequence (�\expandafter).

See the LaTeX manual or LaTeX Companion for explanation.
Type  H <return>  for immediate help.
 ...                                              
                                                  
l.190 ...INTO Manutenção_Peça (id_manutenção,
                                                   id_peça) VALUES
The document does not appear to be in UTF-8 encoding.
Try adding \UseRawInputEncoding as the first line of the file
or specify an encoding such as \usepackage [latin1]{inputenc}
in the document preamble.
Alternatively, save the file in UTF-8 using your editor or another tool


./02-texto/6-povoamento.tex:190: LaTeX Error: Invalid UTF-8 byte "A7.

See the LaTeX manual or LaTeX Companion for explanation.
Type  H <return>  for immediate help.
 ...                                              
                                                  
l.190 ...INTO Manutenção_Peça (id_manutenção,
                                                   id_peça) VALUES
The document does not appear to be in UTF-8 encoding.
Try adding \UseRawInputEncoding as the first line of the file
or specify an encoding such as \usepackage [latin1]{inputenc}
in the document preamble.
Alternatively, save the file in UTF-8 using your editor or another tool


./02-texto/6-povoamento.tex:190: LaTeX Error: Invalid UTF-8 byte sequence (�\expandafter).

See the LaTeX manual or LaTeX Companion for explanation.
Type  H <return>  for immediate help.
 ...                                              
                                                  
l.190 ...INTO Manutenção_Peça (id_manutenção,
                                                   id_peça) VALUES
The document does not appear to be in UTF-8 encoding.
Try adding \UseRawInputEncoding as the first line of the file
or specify an encoding such as \usepackage [latin1]{inputenc}
in the document preamble.
Alternatively, save the file in UTF-8 using your editor or another tool


./02-texto/6-povoamento.tex:190: LaTeX Error: Invalid UTF-8 byte "A3.

See the LaTeX manual or LaTeX Companion for explanation.
Type  H <return>  for immediate help.
 ...                                              
                                                  
l.190 ...INTO Manutenção_Peça (id_manutenção,
                                                   id_peça) VALUES
The document does not appear to be in UTF-8 encoding.
Try adding \UseRawInputEncoding as the first line of the file
or specify an encoding such as \usepackage [latin1]{inputenc}
in the document preamble.
Alternatively, save the file in UTF-8 using your editor or another tool


./02-texto/6-povoamento.tex:190: LaTeX Error: Invalid UTF-8 byte sequence (�\expandafter).

See the LaTeX manual or LaTeX Companion for explanation.
Type  H <return>  for immediate help.
 ...                                              
                                                  
l.190 ...enção_Peça (id_manutenção, id_peça)
                                                   VALUES
The document does not appear to be in UTF-8 encoding.
Try adding \UseRawInputEncoding as the first line of the file
or specify an encoding such as \usepackage [latin1]{inputenc}
in the document preamble.
Alternatively, save the file in UTF-8 using your editor or another tool


./02-texto/6-povoamento.tex:190: LaTeX Error: Invalid UTF-8 byte "A7.

See the LaTeX manual or LaTeX Companion for explanation.
Type  H <return>  for immediate help.
 ...                                              
                                                  
l.190 ...enção_Peça (id_manutenção, id_peça)
                                                   VALUES
The document does not appear to be in UTF-8 encoding.
Try adding \UseRawInputEncoding as the first line of the file
or specify an encoding such as \usepackage [latin1]{inputenc}
in the document preamble.
Alternatively, save the file in UTF-8 using your editor or another tool


./02-texto/6-povoamento.tex:207: LaTeX Error: Invalid UTF-8 byte sequence (�\expandafter).

See the LaTeX manual or LaTeX Companion for explanation.
Type  H <return>  for immediate help.
 ...                                              
                                                  
l.207 INSERT INTO Técnico 
                           (id_técnico, contacto, anos_experiencia, data_in...
The document does not appear to be in UTF-8 encoding.
Try adding \UseRawInputEncoding as the first line of the file
or specify an encoding such as \usepackage [latin1]{inputenc}
in the document preamble.
Alternatively, save the file in UTF-8 using your editor or another tool


./02-texto/6-povoamento.tex:207: LaTeX Error: Invalid UTF-8 byte "A9.

See the LaTeX manual or LaTeX Companion for explanation.
Type  H <return>  for immediate help.
 ...                                              
                                                  
l.207 INSERT INTO Técnico 
                           (id_técnico, contacto, anos_experiencia, data_in...
The document does not appear to be in UTF-8 encoding.
Try adding \UseRawInputEncoding as the first line of the file
or specify an encoding such as \usepackage [latin1]{inputenc}
in the document preamble.
Alternatively, save the file in UTF-8 using your editor or another tool


./02-texto/6-povoamento.tex:207: LaTeX Error: Invalid UTF-8 byte sequence (�\expandafter).

See the LaTeX manual or LaTeX Companion for explanation.
Type  H <return>  for immediate help.
 ...                                              
                                                  
l.207 INSERT INTO Técnico (id_técnico,
                                         contacto, anos_experiencia, data_in...
The document does not appear to be in UTF-8 encoding.
Try adding \UseRawInputEncoding as the first line of the file
or specify an encoding such as \usepackage [latin1]{inputenc}
in the document preamble.
Alternatively, save the file in UTF-8 using your editor or another tool


./02-texto/6-povoamento.tex:207: LaTeX Error: Invalid UTF-8 byte "A9.

See the LaTeX manual or LaTeX Companion for explanation.
Type  H <return>  for immediate help.
 ...                                              
                                                  
l.207 INSERT INTO Técnico (id_técnico,
                                         contacto, anos_experiencia, data_in...
The document does not appear to be in UTF-8 encoding.
Try adding \UseRawInputEncoding as the first line of the file
or specify an encoding such as \usepackage [latin1]{inputenc}
in the document preamble.
Alternatively, save the file in UTF-8 using your editor or another tool


./02-texto/6-povoamento.tex:208: LaTeX Error: Invalid UTF-8 byte sequence (�\expandafter).

See the LaTeX manual or LaTeX Companion for explanation.
Type  H <return>  for immediate help.
 ...                                              
                                                  
l.208 ...-01-15', 'Ricardo Pereira', 'Eletrónica 
                                                  Médica'),
The document does not appear to be in UTF-8 encoding.
Try adding \UseRawInputEncoding as the first line of the file
or specify an encoding such as \usepackage [latin1]{inputenc}
in the document preamble.
Alternatively, save the file in UTF-8 using your editor or another tool


./02-texto/6-povoamento.tex:208: LaTeX Error: Invalid UTF-8 byte "B3.

See the LaTeX manual or LaTeX Companion for explanation.
Type  H <return>  for immediate help.
 ...                                              
                                                  
l.208 ...-01-15', 'Ricardo Pereira', 'Eletrónica 
                                                  Médica'),
The document does not appear to be in UTF-8 encoding.
Try adding \UseRawInputEncoding as the first line of the file
or specify an encoding such as \usepackage [latin1]{inputenc}
in the document preamble.
Alternatively, save the file in UTF-8 using your editor or another tool


./02-texto/6-povoamento.tex:208: LaTeX Error: Invalid UTF-8 byte sequence (�\expandafter).

See the LaTeX manual or LaTeX Companion for explanation.
Type  H <return>  for immediate help.
 ...                                              
                                                  
l.208 ... 'Ricardo Pereira', 'Eletrónica Médica'
                                                  ),
The document does not appear to be in UTF-8 encoding.
Try adding \UseRawInputEncoding as the first line of the file
or specify an encoding such as \usepackage [latin1]{inputenc}
in the document preamble.
Alternatively, save the file in UTF-8 using your editor or another tool


./02-texto/6-povoamento.tex:208: LaTeX Error: Invalid UTF-8 byte "A9.

See the LaTeX manual or LaTeX Companion for explanation.
Type  H <return>  for immediate help.
 ...                                              
                                                  
l.208 ... 'Ricardo Pereira', 'Eletrónica Médica'
                                                  ),
The document does not appear to be in UTF-8 encoding.
Try adding \UseRawInputEncoding as the first line of the file
or specify an encoding such as \usepackage [latin1]{inputenc}
in the document preamble.
Alternatively, save the file in UTF-8 using your editor or another tool


./02-texto/6-povoamento.tex:209: LaTeX Error: Invalid UTF-8 byte sequence (�\expandafter).

See the LaTeX manual or LaTeX Companion for explanation.
Type  H <return>  for immediate help.
 ...                                              
                                                  
l.209 ...rta Silveira', 'Imagiologia/Ressonância'
                                                  ),
The document does not appear to be in UTF-8 encoding.
Try adding \UseRawInputEncoding as the first line of the file
or specify an encoding such as \usepackage [latin1]{inputenc}
in the document preamble.
Alternatively, save the file in UTF-8 using your editor or another tool


./02-texto/6-povoamento.tex:209: LaTeX Error: Invalid UTF-8 byte "A2.

See the LaTeX manual or LaTeX Companion for explanation.
Type  H <return>  for immediate help.
 ...                                              
                                                  
l.209 ...rta Silveira', 'Imagiologia/Ressonância'
                                                  ),
The document does not appear to be in UTF-8 encoding.
Try adding \UseRawInputEncoding as the first line of the file
or specify an encoding such as \usepackage [latin1]{inputenc}
in the document preamble.
Alternatively, save the file in UTF-8 using your editor or another tool


./02-texto/6-povoamento.tex:210: LaTeX Error: Invalid UTF-8 byte sequence (�\expandafter).

See the LaTeX manual or LaTeX Companion for explanation.
Type  H <return>  for immediate help.
 ...                                              
                                                  
l.210 (3, '933444555', 4, '2020-09-01', 'João 
                                               Gouveia', 'Sistemas de Ventil...
The document does not appear to be in UTF-8 encoding.
Try adding \UseRawInputEncoding as the first line of the file
or specify an encoding such as \usepackage [latin1]{inputenc}
in the document preamble.
Alternatively, save the file in UTF-8 using your editor or another tool


./02-texto/6-povoamento.tex:210: LaTeX Error: Invalid UTF-8 byte "A3.

See the LaTeX manual or LaTeX Companion for explanation.
Type  H <return>  for immediate help.
 ...                                              
                                                  
l.210 (3, '933444555', 4, '2020-09-01', 'João 
                                               Gouveia', 'Sistemas de Ventil...
The document does not appear to be in UTF-8 encoding.
Try adding \UseRawInputEncoding as the first line of the file
or specify an encoding such as \usepackage [latin1]{inputenc}
in the document preamble.
Alternatively, save the file in UTF-8 using your editor or another tool


./02-texto/6-povoamento.tex:210: LaTeX Error: Invalid UTF-8 byte sequence (�\expandafter).

See the LaTeX manual or LaTeX Companion for explanation.
Type  H <return>  for immediate help.
 ...                                              
                                                  
l.210 ...oão Gouveia', 'Sistemas de Ventilação'
                                                  ),
The document does not appear to be in UTF-8 encoding.
Try adding \UseRawInputEncoding as the first line of the file
or specify an encoding such as \usepackage [latin1]{inputenc}
in the document preamble.
Alternatively, save the file in UTF-8 using your editor or another tool


./02-texto/6-povoamento.tex:210: LaTeX Error: Invalid UTF-8 byte "A7.

See the LaTeX manual or LaTeX Companion for explanation.
Type  H <return>  for immediate help.
 ...                                              
                                                  
l.210 ...oão Gouveia', 'Sistemas de Ventilação'
                                                  ),
The document does not appear to be in UTF-8 encoding.
Try adding \UseRawInputEncoding as the first line of the file
or specify an encoding such as \usepackage [latin1]{inputenc}
in the document preamble.
Alternatively, save the file in UTF-8 using your editor or another tool


./02-texto/6-povoamento.tex:210: LaTeX Error: Invalid UTF-8 byte sequence (�\expandafter).

See the LaTeX manual or LaTeX Companion for explanation.
Type  H <return>  for immediate help.
 ...                                              
                                                  
l.210 ...oão Gouveia', 'Sistemas de Ventilação'
                                                  ),
The document does not appear to be in UTF-8 encoding.
Try adding \UseRawInputEncoding as the first line of the file
or specify an encoding such as \usepackage [latin1]{inputenc}
in the document preamble.
Alternatively, save the file in UTF-8 using your editor or another tool


./02-texto/6-povoamento.tex:210: LaTeX Error: Invalid UTF-8 byte "A3.

See the LaTeX manual or LaTeX Companion for explanation.
Type  H <return>  for immediate help.
 ...                                              
                                                  
l.210 ...oão Gouveia', 'Sistemas de Ventilação'
                                                  ),
The document does not appear to be in UTF-8 encoding.
Try adding \UseRawInputEncoding as the first line of the file
or specify an encoding such as \usepackage [latin1]{inputenc}
in the document preamble.
Alternatively, save the file in UTF-8 using your editor or another tool


./02-texto/6-povoamento.tex:211: LaTeX Error: Invalid UTF-8 byte sequence (�\expandafter).

See the LaTeX manual or LaTeX Companion for explanation.
Type  H <return>  for immediate help.
 ...                                              
                                                  
l.211 ...'966555666', 19, '2005-05-10', 'António 
                                                  Costa', 'Instrumentação ...
The document does not appear to be in UTF-8 encoding.
Try adding \UseRawInputEncoding as the first line of the file
or specify an encoding such as \usepackage [latin1]{inputenc}
in the document preamble.
Alternatively, save the file in UTF-8 using your editor or another tool


./02-texto/6-povoamento.tex:211: LaTeX Error: Invalid UTF-8 byte "B3.

See the LaTeX manual or LaTeX Companion for explanation.
Type  H <return>  for immediate help.
 ...                                              
                                                  
l.211 ...'966555666', 19, '2005-05-10', 'António 
                                                  Costa', 'Instrumentação ...
The document does not appear to be in UTF-8 encoding.
Try adding \UseRawInputEncoding as the first line of the file
or specify an encoding such as \usepackage [latin1]{inputenc}
in the document preamble.
Alternatively, save the file in UTF-8 using your editor or another tool


./02-texto/6-povoamento.tex:211: LaTeX Error: Invalid UTF-8 byte sequence (�\expandafter).

See the LaTeX manual or LaTeX Companion for explanation.
Type  H <return>  for immediate help.
 ...                                              
                                                  
l.211 ...10', 'António Costa', 'Instrumentação 
                                                  Cirúrgica'),
The document does not appear to be in UTF-8 encoding.
Try adding \UseRawInputEncoding as the first line of the file
or specify an encoding such as \usepackage [latin1]{inputenc}
in the document preamble.
Alternatively, save the file in UTF-8 using your editor or another tool


./02-texto/6-povoamento.tex:211: LaTeX Error: Invalid UTF-8 byte "A7.

See the LaTeX manual or LaTeX Companion for explanation.
Type  H <return>  for immediate help.
 ...                                              
                                                  
l.211 ...10', 'António Costa', 'Instrumentação 
                                                  Cirúrgica'),
The document does not appear to be in UTF-8 encoding.
Try adding \UseRawInputEncoding as the first line of the file
or specify an encoding such as \usepackage [latin1]{inputenc}
in the document preamble.
Alternatively, save the file in UTF-8 using your editor or another tool


./02-texto/6-povoamento.tex:211: LaTeX Error: Invalid UTF-8 byte sequence (�\expandafter).

See the LaTeX manual or LaTeX Companion for explanation.
Type  H <return>  for immediate help.
 ...                                              
                                                  
l.211 ...10', 'António Costa', 'Instrumentação 
                                                  Cirúrgica'),
The document does not appear to be in UTF-8 encoding.
Try adding \UseRawInputEncoding as the first line of the file
or specify an encoding such as \usepackage [latin1]{inputenc}
in the document preamble.
Alternatively, save the file in UTF-8 using your editor or another tool


./02-texto/6-povoamento.tex:211: LaTeX Error: Invalid UTF-8 byte "A3.

See the LaTeX manual or LaTeX Companion for explanation.
Type  H <return>  for immediate help.
 ...                                              
                                                  
l.211 ...10', 'António Costa', 'Instrumentação 
                                                  Cirúrgica'),
The document does not appear to be in UTF-8 encoding.
Try adding \UseRawInputEncoding as the first line of the file
or specify an encoding such as \usepackage [latin1]{inputenc}
in the document preamble.
Alternatively, save the file in UTF-8 using your editor or another tool


./02-texto/6-povoamento.tex:211: LaTeX Error: Invalid UTF-8 byte sequence (�\expandafter).

See the LaTeX manual or LaTeX Companion for explanation.
Type  H <return>  for immediate help.
 ...                                              
                                                  
l.211 ...nio Costa', 'Instrumentação Cirúrgica'
                                                  ),
The document does not appear to be in UTF-8 encoding.
Try adding \UseRawInputEncoding as the first line of the file
or specify an encoding such as \usepackage [latin1]{inputenc}
in the document preamble.
Alternatively, save the file in UTF-8 using your editor or another tool


./02-texto/6-povoamento.tex:211: LaTeX Error: Invalid UTF-8 byte "BA.

See the LaTeX manual or LaTeX Companion for explanation.
Type  H <return>  for immediate help.
 ...                                              
                                                  
l.211 ...nio Costa', 'Instrumentação Cirúrgica'
                                                  ),
The document does not appear to be in UTF-8 encoding.
Try adding \UseRawInputEncoding as the first line of the file
or specify an encoding such as \usepackage [latin1]{inputenc}
in the document preamble.
Alternatively, save the file in UTF-8 using your editor or another tool


./02-texto/6-povoamento.tex:212: LaTeX Error: Invalid UTF-8 byte sequence (�\expandafter).

See the LaTeX manual or LaTeX Companion for explanation.
Type  H <return>  for immediate help.
 ...                                              
                                                  
l.212 ...2-01', 'Beatriz Lopes', 'Monitorização 
                                                  Paramétrica');
The document does not appear to be in UTF-8 encoding.
Try adding \UseRawInputEncoding as the first line of the file
or specify an encoding such as \usepackage [latin1]{inputenc}
in the document preamble.
Alternatively, save the file in UTF-8 using your editor or another tool


./02-texto/6-povoamento.tex:212: LaTeX Error: Invalid UTF-8 byte "A7.

See the LaTeX manual or LaTeX Companion for explanation.
Type  H <return>  for immediate help.
 ...                                              
                                                  
l.212 ...2-01', 'Beatriz Lopes', 'Monitorização 
                                                  Paramétrica');
The document does not appear to be in UTF-8 encoding.
Try adding \UseRawInputEncoding as the first line of the file
or specify an encoding such as \usepackage [latin1]{inputenc}
in the document preamble.
Alternatively, save the file in UTF-8 using your editor or another tool


./02-texto/6-povoamento.tex:212: LaTeX Error: Invalid UTF-8 byte sequence (�\expandafter).

See the LaTeX manual or LaTeX Companion for explanation.
Type  H <return>  for immediate help.
 ...                                              
                                                  
l.212 ...2-01', 'Beatriz Lopes', 'Monitorização 
                                                  Paramétrica');
The document does not appear to be in UTF-8 encoding.
Try adding \UseRawInputEncoding as the first line of the file
or specify an encoding such as \usepackage [latin1]{inputenc}
in the document preamble.
Alternatively, save the file in UTF-8 using your editor or another tool


./02-texto/6-povoamento.tex:212: LaTeX Error: Invalid UTF-8 byte "A3.

See the LaTeX manual or LaTeX Companion for explanation.
Type  H <return>  for immediate help.
 ...                                              
                                                  
l.212 ...2-01', 'Beatriz Lopes', 'Monitorização 
                                                  Paramétrica');
The document does not appear to be in UTF-8 encoding.
Try adding \UseRawInputEncoding as the first line of the file
or specify an encoding such as \usepackage [latin1]{inputenc}
in the document preamble.
Alternatively, save the file in UTF-8 using your editor or another tool


./02-texto/6-povoamento.tex:212: LaTeX Error: Invalid UTF-8 byte sequence (�\expandafter).

See the LaTeX manual or LaTeX Companion for explanation.
Type  H <return>  for immediate help.
 ...                                              
                                                  
l.212 ...iz Lopes', 'Monitorização Paramétrica'
                                                  );
The document does not appear to be in UTF-8 encoding.
Try adding \UseRawInputEncoding as the first line of the file
or specify an encoding such as \usepackage [latin1]{inputenc}
in the document preamble.
Alternatively, save the file in UTF-8 using your editor or another tool


./02-texto/6-povoamento.tex:212: LaTeX Error: Invalid UTF-8 byte "A9.

See the LaTeX manual or LaTeX Companion for explanation.
Type  H <return>  for immediate help.
 ...                                              
                                                  
l.212 ...iz Lopes', 'Monitorização Paramétrica'
                                                  );
The document does not appear to be in UTF-8 encoding.
Try adding \UseRawInputEncoding as the first line of the file
or specify an encoding such as \usepackage [latin1]{inputenc}
in the document preamble.
Alternatively, save the file in UTF-8 using your editor or another tool

[18]

./02-texto/6-povoamento.tex:219: LaTeX Error: Invalid UTF-8 byte sequence (�\expandafter).

See the LaTeX manual or LaTeX Companion for explanation.
Type  H <return>  for immediate help.
 ...                                              
                                                  
l.219 INSERT INTO Intervenção 
                                Técnico
The document does not appear to be in UTF-8 encoding.
Try adding \UseRawInputEncoding as the first line of the file
or specify an encoding such as \usepackage [latin1]{inputenc}
in the document preamble.
Alternatively, save the file in UTF-8 using your editor or another tool


./02-texto/6-povoamento.tex:219: LaTeX Error: Invalid UTF-8 byte "A7.

See the LaTeX manual or LaTeX Companion for explanation.
Type  H <return>  for immediate help.
 ...                                              
                                                  
l.219 INSERT INTO Intervenção 
                                Técnico
The document does not appear to be in UTF-8 encoding.
Try adding \UseRawInputEncoding as the first line of the file
or specify an encoding such as \usepackage [latin1]{inputenc}
in the document preamble.
Alternatively, save the file in UTF-8 using your editor or another tool


./02-texto/6-povoamento.tex:219: LaTeX Error: Invalid UTF-8 byte sequence (�\expandafter).

See the LaTeX manual or LaTeX Companion for explanation.
Type  H <return>  for immediate help.
 ...                                              
                                                  
l.219 INSERT INTO Intervenção 
                                Técnico
The document does not appear to be in UTF-8 encoding.
Try adding \UseRawInputEncoding as the first line of the file
or specify an encoding such as \usepackage [latin1]{inputenc}
in the document preamble.
Alternatively, save the file in UTF-8 using your editor or another tool


./02-texto/6-povoamento.tex:219: LaTeX Error: Invalid UTF-8 byte "A3.

See the LaTeX manual or LaTeX Companion for explanation.
Type  H <return>  for immediate help.
 ...                                              
                                                  
l.219 INSERT INTO Intervenção 
                                Técnico
The document does not appear to be in UTF-8 encoding.
Try adding \UseRawInputEncoding as the first line of the file
or specify an encoding such as \usepackage [latin1]{inputenc}
in the document preamble.
Alternatively, save the file in UTF-8 using your editor or another tool


./02-texto/6-povoamento.tex:219: LaTeX Error: Invalid UTF-8 byte sequence (�\expandafter).

See the LaTeX manual or LaTeX Companion for explanation.
Type  H <return>  for immediate help.
 ...                                              
                                                  
l.219 INSERT INTO Intervenção Técnico
                                        
The document does not appear to be in UTF-8 encoding.
Try adding \UseRawInputEncoding as the first line of the file
or specify an encoding such as \usepackage [latin1]{inputenc}
in the document preamble.
Alternatively, save the file in UTF-8 using your editor or another tool


./02-texto/6-povoamento.tex:219: LaTeX Error: Invalid UTF-8 byte "A9.

See the LaTeX manual or LaTeX Companion for explanation.
Type  H <return>  for immediate help.
 ...                                              
                                                  
l.219 INSERT INTO Intervenção Técnico
                                        
The document does not appear to be in UTF-8 encoding.
Try adding \UseRawInputEncoding as the first line of the file
or specify an encoding such as \usepackage [latin1]{inputenc}
in the document preamble.
Alternatively, save the file in UTF-8 using your editor or another tool


./02-texto/6-povoamento.tex:220: LaTeX Error: Invalid UTF-8 byte sequence (�\expandafter).

See the LaTeX manual or LaTeX Companion for explanation.
Type  H <return>  for immediate help.
 ...                                              
                                                  
l.220 (id_intervenção,
                         cargo, horas_trabalho) VALUES
The document does not appear to be in UTF-8 encoding.
Try adding \UseRawInputEncoding as the first line of the file
or specify an encoding such as \usepackage [latin1]{inputenc}
in the document preamble.
Alternatively, save the file in UTF-8 using your editor or another tool


./02-texto/6-povoamento.tex:220: LaTeX Error: Invalid UTF-8 byte "A7.

See the LaTeX manual or LaTeX Companion for explanation.
Type  H <return>  for immediate help.
 ...                                              
                                                  
l.220 (id_intervenção,
                         cargo, horas_trabalho) VALUES
The document does not appear to be in UTF-8 encoding.
Try adding \UseRawInputEncoding as the first line of the file
or specify an encoding such as \usepackage [latin1]{inputenc}
in the document preamble.
Alternatively, save the file in UTF-8 using your editor or another tool


./02-texto/6-povoamento.tex:220: LaTeX Error: Invalid UTF-8 byte sequence (�\expandafter).

See the LaTeX manual or LaTeX Companion for explanation.
Type  H <return>  for immediate help.
 ...                                              
                                                  
l.220 (id_intervenção,
                         cargo, horas_trabalho) VALUES
The document does not appear to be in UTF-8 encoding.
Try adding \UseRawInputEncoding as the first line of the file
or specify an encoding such as \usepackage [latin1]{inputenc}
in the document preamble.
Alternatively, save the file in UTF-8 using your editor or another tool


./02-texto/6-povoamento.tex:220: LaTeX Error: Invalid UTF-8 byte "A3.

See the LaTeX manual or LaTeX Companion for explanation.
Type  H <return>  for immediate help.
 ...                                              
                                                  
l.220 (id_intervenção,
                         cargo, horas_trabalho) VALUES
The document does not appear to be in UTF-8 encoding.
Try adding \UseRawInputEncoding as the first line of the file
or specify an encoding such as \usepackage [latin1]{inputenc}
in the document preamble.
Alternatively, save the file in UTF-8 using your editor or another tool


./02-texto/6-povoamento.tex:221: LaTeX Error: Invalid UTF-8 byte sequence (�\expandafter).

See the LaTeX manual or LaTeX Companion for explanation.
Type  H <return>  for immediate help.
 ...                                              
                                                  
l.221 (1, 'Técnico 
                    Responsável', 4),
The document does not appear to be in UTF-8 encoding.
Try adding \UseRawInputEncoding as the first line of the file
or specify an encoding such as \usepackage [latin1]{inputenc}
in the document preamble.
Alternatively, save the file in UTF-8 using your editor or another tool


./02-texto/6-povoamento.tex:221: LaTeX Error: Invalid UTF-8 byte "A9.

See the LaTeX manual or LaTeX Companion for explanation.
Type  H <return>  for immediate help.
 ...                                              
                                                  
l.221 (1, 'Técnico 
                    Responsável', 4),
The document does not appear to be in UTF-8 encoding.
Try adding \UseRawInputEncoding as the first line of the file
or specify an encoding such as \usepackage [latin1]{inputenc}
in the document preamble.
Alternatively, save the file in UTF-8 using your editor or another tool


./02-texto/6-povoamento.tex:221: LaTeX Error: Invalid UTF-8 byte sequence (�\expandafter).

See the LaTeX manual or LaTeX Companion for explanation.
Type  H <return>  for immediate help.
 ...                                              
                                                  
l.221 (1, 'Técnico Responsável'
                                 , 4),
The document does not appear to be in UTF-8 encoding.
Try adding \UseRawInputEncoding as the first line of the file
or specify an encoding such as \usepackage [latin1]{inputenc}
in the document preamble.
Alternatively, save the file in UTF-8 using your editor or another tool


./02-texto/6-povoamento.tex:221: LaTeX Error: Invalid UTF-8 byte "A1.

See the LaTeX manual or LaTeX Companion for explanation.
Type  H <return>  for immediate help.
 ...                                              
                                                  
l.221 (1, 'Técnico Responsável'
                                 , 4),
The document does not appear to be in UTF-8 encoding.
Try adding \UseRawInputEncoding as the first line of the file
or specify an encoding such as \usepackage [latin1]{inputenc}
in the document preamble.
Alternatively, save the file in UTF-8 using your editor or another tool


./02-texto/6-povoamento.tex:222: LaTeX Error: Invalid UTF-8 byte sequence (�\expandafter).

See the LaTeX manual or LaTeX Companion for explanation.
Type  H <return>  for immediate help.
 ...                                              
                                                  
l.222 (2, 'Técnico 
                    Responsável', 3),
The document does not appear to be in UTF-8 encoding.
Try adding \UseRawInputEncoding as the first line of the file
or specify an encoding such as \usepackage [latin1]{inputenc}
in the document preamble.
Alternatively, save the file in UTF-8 using your editor or another tool


./02-texto/6-povoamento.tex:222: LaTeX Error: Invalid UTF-8 byte "A9.

See the LaTeX manual or LaTeX Companion for explanation.
Type  H <return>  for immediate help.
 ...                                              
                                                  
l.222 (2, 'Técnico 
                    Responsável', 3),
The document does not appear to be in UTF-8 encoding.
Try adding \UseRawInputEncoding as the first line of the file
or specify an encoding such as \usepackage [latin1]{inputenc}
in the document preamble.
Alternatively, save the file in UTF-8 using your editor or another tool


./02-texto/6-povoamento.tex:222: LaTeX Error: Invalid UTF-8 byte sequence (�\expandafter).

See the LaTeX manual or LaTeX Companion for explanation.
Type  H <return>  for immediate help.
 ...                                              
                                                  
l.222 (2, 'Técnico Responsável'
                                 , 3),
The document does not appear to be in UTF-8 encoding.
Try adding \UseRawInputEncoding as the first line of the file
or specify an encoding such as \usepackage [latin1]{inputenc}
in the document preamble.
Alternatively, save the file in UTF-8 using your editor or another tool


./02-texto/6-povoamento.tex:222: LaTeX Error: Invalid UTF-8 byte "A1.

See the LaTeX manual or LaTeX Companion for explanation.
Type  H <return>  for immediate help.
 ...                                              
                                                  
l.222 (2, 'Técnico Responsável'
                                 , 3),
The document does not appear to be in UTF-8 encoding.
Try adding \UseRawInputEncoding as the first line of the file
or specify an encoding such as \usepackage [latin1]{inputenc}
in the document preamble.
Alternatively, save the file in UTF-8 using your editor or another tool


./02-texto/6-povoamento.tex:223: LaTeX Error: Invalid UTF-8 byte sequence (�\expandafter).

See the LaTeX manual or LaTeX Companion for explanation.
Type  H <return>  for immediate help.
 ...                                              
                                                  
l.223 (3, 'Técnico 
                    Sénior', 8),
The document does not appear to be in UTF-8 encoding.
Try adding \UseRawInputEncoding as the first line of the file
or specify an encoding such as \usepackage [latin1]{inputenc}
in the document preamble.
Alternatively, save the file in UTF-8 using your editor or another tool


./02-texto/6-povoamento.tex:223: LaTeX Error: Invalid UTF-8 byte "A9.

See the LaTeX manual or LaTeX Companion for explanation.
Type  H <return>  for immediate help.
 ...                                              
                                                  
l.223 (3, 'Técnico 
                    Sénior', 8),
The document does not appear to be in UTF-8 encoding.
Try adding \UseRawInputEncoding as the first line of the file
or specify an encoding such as \usepackage [latin1]{inputenc}
in the document preamble.
Alternatively, save the file in UTF-8 using your editor or another tool


./02-texto/6-povoamento.tex:223: LaTeX Error: Invalid UTF-8 byte sequence (�\expandafter).

See the LaTeX manual or LaTeX Companion for explanation.
Type  H <return>  for immediate help.
 ...                                              
                                                  
l.223 (3, 'Técnico Sénior'
                            , 8),
The document does not appear to be in UTF-8 encoding.
Try adding \UseRawInputEncoding as the first line of the file
or specify an encoding such as \usepackage [latin1]{inputenc}
in the document preamble.
Alternatively, save the file in UTF-8 using your editor or another tool


./02-texto/6-povoamento.tex:223: LaTeX Error: Invalid UTF-8 byte "A9.

See the LaTeX manual or LaTeX Companion for explanation.
Type  H <return>  for immediate help.
 ...                                              
                                                  
l.223 (3, 'Técnico Sénior'
                            , 8),
The document does not appear to be in UTF-8 encoding.
Try adding \UseRawInputEncoding as the first line of the file
or specify an encoding such as \usepackage [latin1]{inputenc}
in the document preamble.
Alternatively, save the file in UTF-8 using your editor or another tool


./02-texto/6-povoamento.tex:224: LaTeX Error: Invalid UTF-8 byte sequence (�\expandafter).

See the LaTeX manual or LaTeX Companion for explanation.
Type  H <return>  for immediate help.
 ...                                              
                                                  
l.224 (4, 'Técnico 
                    Responsável', 2),
The document does not appear to be in UTF-8 encoding.
Try adding \UseRawInputEncoding as the first line of the file
or specify an encoding such as \usepackage [latin1]{inputenc}
in the document preamble.
Alternatively, save the file in UTF-8 using your editor or another tool


./02-texto/6-povoamento.tex:224: LaTeX Error: Invalid UTF-8 byte "A9.

See the LaTeX manual or LaTeX Companion for explanation.
Type  H <return>  for immediate help.
 ...                                              
                                                  
l.224 (4, 'Técnico 
                    Responsável', 2),
The document does not appear to be in UTF-8 encoding.
Try adding \UseRawInputEncoding as the first line of the file
or specify an encoding such as \usepackage [latin1]{inputenc}
in the document preamble.
Alternatively, save the file in UTF-8 using your editor or another tool


./02-texto/6-povoamento.tex:224: LaTeX Error: Invalid UTF-8 byte sequence (�\expandafter).

See the LaTeX manual or LaTeX Companion for explanation.
Type  H <return>  for immediate help.
 ...                                              
                                                  
l.224 (4, 'Técnico Responsável'
                                 , 2),
The document does not appear to be in UTF-8 encoding.
Try adding \UseRawInputEncoding as the first line of the file
or specify an encoding such as \usepackage [latin1]{inputenc}
in the document preamble.
Alternatively, save the file in UTF-8 using your editor or another tool


./02-texto/6-povoamento.tex:224: LaTeX Error: Invalid UTF-8 byte "A1.

See the LaTeX manual or LaTeX Companion for explanation.
Type  H <return>  for immediate help.
 ...                                              
                                                  
l.224 (4, 'Técnico Responsável'
                                 , 2),
The document does not appear to be in UTF-8 encoding.
Try adding \UseRawInputEncoding as the first line of the file
or specify an encoding such as \usepackage [latin1]{inputenc}
in the document preamble.
Alternatively, save the file in UTF-8 using your editor or another tool


./02-texto/6-povoamento.tex:225: LaTeX Error: Invalid UTF-8 byte sequence (�\expandafter).

See the LaTeX manual or LaTeX Companion for explanation.
Type  H <return>  for immediate help.
 ...                                              
                                                  
l.225 (5, 'Técnico 
                    Sénior', 5),
The document does not appear to be in UTF-8 encoding.
Try adding \UseRawInputEncoding as the first line of the file
or specify an encoding such as \usepackage [latin1]{inputenc}
in the document preamble.
Alternatively, save the file in UTF-8 using your editor or another tool


./02-texto/6-povoamento.tex:225: LaTeX Error: Invalid UTF-8 byte "A9.

See the LaTeX manual or LaTeX Companion for explanation.
Type  H <return>  for immediate help.
 ...                                              
                                                  
l.225 (5, 'Técnico 
                    Sénior', 5),
The document does not appear to be in UTF-8 encoding.
Try adding \UseRawInputEncoding as the first line of the file
or specify an encoding such as \usepackage [latin1]{inputenc}
in the document preamble.
Alternatively, save the file in UTF-8 using your editor or another tool


./02-texto/6-povoamento.tex:225: LaTeX Error: Invalid UTF-8 byte sequence (�\expandafter).

See the LaTeX manual or LaTeX Companion for explanation.
Type  H <return>  for immediate help.
 ...                                              
                                                  
l.225 (5, 'Técnico Sénior'
                            , 5),
The document does not appear to be in UTF-8 encoding.
Try adding \UseRawInputEncoding as the first line of the file
or specify an encoding such as \usepackage [latin1]{inputenc}
in the document preamble.
Alternatively, save the file in UTF-8 using your editor or another tool


./02-texto/6-povoamento.tex:225: LaTeX Error: Invalid UTF-8 byte "A9.

See the LaTeX manual or LaTeX Companion for explanation.
Type  H <return>  for immediate help.
 ...                                              
                                                  
l.225 (5, 'Técnico Sénior'
                            , 5),
The document does not appear to be in UTF-8 encoding.
Try adding \UseRawInputEncoding as the first line of the file
or specify an encoding such as \usepackage [latin1]{inputenc}
in the document preamble.
Alternatively, save the file in UTF-8 using your editor or another tool


./02-texto/6-povoamento.tex:226: LaTeX Error: Invalid UTF-8 byte sequence (�\expandafter).

See the LaTeX manual or LaTeX Companion for explanation.
Type  H <return>  for immediate help.
 ...                                              
                                                  
l.226 (6, 'Técnico 
                    Responsável', 3),
The document does not appear to be in UTF-8 encoding.
Try adding \UseRawInputEncoding as the first line of the file
or specify an encoding such as \usepackage [latin1]{inputenc}
in the document preamble.
Alternatively, save the file in UTF-8 using your editor or another tool


./02-texto/6-povoamento.tex:226: LaTeX Error: Invalid UTF-8 byte "A9.

See the LaTeX manual or LaTeX Companion for explanation.
Type  H <return>  for immediate help.
 ...                                              
                                                  
l.226 (6, 'Técnico 
                    Responsável', 3),
The document does not appear to be in UTF-8 encoding.
Try adding \UseRawInputEncoding as the first line of the file
or specify an encoding such as \usepackage [latin1]{inputenc}
in the document preamble.
Alternatively, save the file in UTF-8 using your editor or another tool


./02-texto/6-povoamento.tex:226: LaTeX Error: Invalid UTF-8 byte sequence (�\expandafter).

See the LaTeX manual or LaTeX Companion for explanation.
Type  H <return>  for immediate help.
 ...                                              
                                                  
l.226 (6, 'Técnico Responsável'
                                 , 3),
The document does not appear to be in UTF-8 encoding.
Try adding \UseRawInputEncoding as the first line of the file
or specify an encoding such as \usepackage [latin1]{inputenc}
in the document preamble.
Alternatively, save the file in UTF-8 using your editor or another tool


./02-texto/6-povoamento.tex:226: LaTeX Error: Invalid UTF-8 byte "A1.

See the LaTeX manual or LaTeX Companion for explanation.
Type  H <return>  for immediate help.
 ...                                              
                                                  
l.226 (6, 'Técnico Responsável'
                                 , 3),
The document does not appear to be in UTF-8 encoding.
Try adding \UseRawInputEncoding as the first line of the file
or specify an encoding such as \usepackage [latin1]{inputenc}
in the document preamble.
Alternatively, save the file in UTF-8 using your editor or another tool


./02-texto/6-povoamento.tex:227: LaTeX Error: Invalid UTF-8 byte sequence (�\expandafter).

See the LaTeX manual or LaTeX Companion for explanation.
Type  H <return>  for immediate help.
 ...                                              
                                                  
l.227 (7, 'Técnico 
                    Assistente', 2),
The document does not appear to be in UTF-8 encoding.
Try adding \UseRawInputEncoding as the first line of the file
or specify an encoding such as \usepackage [latin1]{inputenc}
in the document preamble.
Alternatively, save the file in UTF-8 using your editor or another tool


./02-texto/6-povoamento.tex:227: LaTeX Error: Invalid UTF-8 byte "A9.

See the LaTeX manual or LaTeX Companion for explanation.
Type  H <return>  for immediate help.
 ...                                              
                                                  
l.227 (7, 'Técnico 
                    Assistente', 2),
The document does not appear to be in UTF-8 encoding.
Try adding \UseRawInputEncoding as the first line of the file
or specify an encoding such as \usepackage [latin1]{inputenc}
in the document preamble.
Alternatively, save the file in UTF-8 using your editor or another tool


./02-texto/6-povoamento.tex:228: LaTeX Error: Invalid UTF-8 byte sequence (�\expandafter).

See the LaTeX manual or LaTeX Companion for explanation.
Type  H <return>  for immediate help.
 ...                                              
                                                  
l.228 (8, 'Técnico 
                    Sénior', 6),
The document does not appear to be in UTF-8 encoding.
Try adding \UseRawInputEncoding as the first line of the file
or specify an encoding such as \usepackage [latin1]{inputenc}
in the document preamble.
Alternatively, save the file in UTF-8 using your editor or another tool


./02-texto/6-povoamento.tex:228: LaTeX Error: Invalid UTF-8 byte "A9.

See the LaTeX manual or LaTeX Companion for explanation.
Type  H <return>  for immediate help.
 ...                                              
                                                  
l.228 (8, 'Técnico 
                    Sénior', 6),
The document does not appear to be in UTF-8 encoding.
Try adding \UseRawInputEncoding as the first line of the file
or specify an encoding such as \usepackage [latin1]{inputenc}
in the document preamble.
Alternatively, save the file in UTF-8 using your editor or another tool


./02-texto/6-povoamento.tex:228: LaTeX Error: Invalid UTF-8 byte sequence (�\expandafter).

See the LaTeX manual or LaTeX Companion for explanation.
Type  H <return>  for immediate help.
 ...                                              
                                                  
l.228 (8, 'Técnico Sénior'
                            , 6),
The document does not appear to be in UTF-8 encoding.
Try adding \UseRawInputEncoding as the first line of the file
or specify an encoding such as \usepackage [latin1]{inputenc}
in the document preamble.
Alternatively, save the file in UTF-8 using your editor or another tool


./02-texto/6-povoamento.tex:228: LaTeX Error: Invalid UTF-8 byte "A9.

See the LaTeX manual or LaTeX Companion for explanation.
Type  H <return>  for immediate help.
 ...                                              
                                                  
l.228 (8, 'Técnico Sénior'
                            , 6),
The document does not appear to be in UTF-8 encoding.
Try adding \UseRawInputEncoding as the first line of the file
or specify an encoding such as \usepackage [latin1]{inputenc}
in the document preamble.
Alternatively, save the file in UTF-8 using your editor or another tool


./02-texto/6-povoamento.tex:229: LaTeX Error: Invalid UTF-8 byte sequence (�\expandafter).

See the LaTeX manual or LaTeX Companion for explanation.
Type  H <return>  for immediate help.
 ...                                              
                                                  
l.229 (9, 'Técnico 
                    Assistente', 1),
The document does not appear to be in UTF-8 encoding.
Try adding \UseRawInputEncoding as the first line of the file
or specify an encoding such as \usepackage [latin1]{inputenc}
in the document preamble.
Alternatively, save the file in UTF-8 using your editor or another tool


./02-texto/6-povoamento.tex:229: LaTeX Error: Invalid UTF-8 byte "A9.

See the LaTeX manual or LaTeX Companion for explanation.
Type  H <return>  for immediate help.
 ...                                              
                                                  
l.229 (9, 'Técnico 
                    Assistente', 1),
The document does not appear to be in UTF-8 encoding.
Try adding \UseRawInputEncoding as the first line of the file
or specify an encoding such as \usepackage [latin1]{inputenc}
in the document preamble.
Alternatively, save the file in UTF-8 using your editor or another tool


./02-texto/6-povoamento.tex:230: LaTeX Error: Invalid UTF-8 byte sequence (�\expandafter).

See the LaTeX manual or LaTeX Companion for explanation.
Type  H <return>  for immediate help.
 ...                                              
                                                  
l.230 (10, 'Técnico 
                     Responsável', 2);
The document does not appear to be in UTF-8 encoding.
Try adding \UseRawInputEncoding as the first line of the file
or specify an encoding such as \usepackage [latin1]{inputenc}
in the document preamble.
Alternatively, save the file in UTF-8 using your editor or another tool


./02-texto/6-povoamento.tex:230: LaTeX Error: Invalid UTF-8 byte "A9.

See the LaTeX manual or LaTeX Companion for explanation.
Type  H <return>  for immediate help.
 ...                                              
                                                  
l.230 (10, 'Técnico 
                     Responsável', 2);
The document does not appear to be in UTF-8 encoding.
Try adding \UseRawInputEncoding as the first line of the file
or specify an encoding such as \usepackage [latin1]{inputenc}
in the document preamble.
Alternatively, save the file in UTF-8 using your editor or another tool


./02-texto/6-povoamento.tex:230: LaTeX Error: Invalid UTF-8 byte sequence (�\expandafter).

See the LaTeX manual or LaTeX Companion for explanation.
Type  H <return>  for immediate help.
 ...                                              
                                                  
l.230 (10, 'Técnico Responsável'
                                  , 2);
The document does not appear to be in UTF-8 encoding.
Try adding \UseRawInputEncoding as the first line of the file
or specify an encoding such as \usepackage [latin1]{inputenc}
in the document preamble.
Alternatively, save the file in UTF-8 using your editor or another tool


./02-texto/6-povoamento.tex:230: LaTeX Error: Invalid UTF-8 byte "A1.

See the LaTeX manual or LaTeX Companion for explanation.
Type  H <return>  for immediate help.
 ...                                              
                                                  
l.230 (10, 'Técnico Responsável'
                                  , 2);
The document does not appear to be in UTF-8 encoding.
Try adding \UseRawInputEncoding as the first line of the file
or specify an encoding such as \usepackage [latin1]{inputenc}
in the document preamble.
Alternatively, save the file in UTF-8 using your editor or another tool

) (./02-texto/7-funcoes.tex [19]) (./02-texto/8-procedimentos.tex [20

]) (./02-texto/9-triggers.tex [21

]) (./02-texto/10-queries.tex [22

]) (./02-texto/11-conclusao.tex [23

]) (./02-texto/12-anexos.tex [24

]) [25

]
\tf@toc=\write6
\openout6 = `main.toc'.

 
enddocument/afterlastpage: lastpage setting LastPage.
(./main.aux)
 ***********
LaTeX2e <2023-11-01> patch level 1
L3 programming layer <2020/03/25>
 ***********


LaTeX Warning: There were undefined references.


LaTeX Warning: Label(s) may have changed. Rerun to get cross-references right.


Package lastpage Warning: Rerun to get the references right on input line 88.


Package biblatex Warning: Please (re)run Biber on the file:
(biblatex)                main
(biblatex)                and rerun LaTeX afterwards.

Package logreq Info: Writing requests to 'main.run.xml'.
\openout1 = `main.run.xml'.

 ) 
Here is how much of TeX's memory you used:
 30408 strings out of 476162
 513927 string characters out of 5794813
 2386975 words of memory out of 5000000
 51775 multiletter control sequences out of 15000+600000
 572065 words of font info for 67 fonts, out of 8000000 for 9000
 16 hyphenation exceptions out of 8191
 125i,13n,121p,1279b,2161s stack positions out of 10000i,1000n,20000p,200000b,200000s
</usr/share/texlive/texmf-dist/fonts/type1/public/amsfonts/cm/cmmi6.pfb></usr/share/texlive/texmf-dist/fonts/type1/public/amsfonts/cm/cmmi8.pfb></usr/share/texmf/fonts/type1/public/cm-super/sfbi1728.pfb></usr/share/texmf/fonts/type1/public/cm-super/sfbx0800.pfb></usr/share/texmf/fonts/type1/public/cm-super/sfbx1200.pfb></usr/share/texmf/fonts/type1/public/cm-super/sfbx1440.pfb></usr/share/texmf/fonts/type1/public/cm-super/sfbx1728.pfb></usr/share/texmf/fonts/type1/public/cm-super/sfrm0800.pfb></usr/share/texmf/fonts/type1/public/cm-super/sfrm1000.pfb></usr/share/texmf/fonts/type1/public/cm-super/sfrm1200.pfb></usr/share/texmf/fonts/type1/public/cm-super/sfti1000.pfb></usr/share/texmf/fonts/type1/public/cm-super/sfti1200.pfb></usr/share/texmf/fonts/type1/public/cm-super/sftt1095.pfb>
Output written on main.pdf (26 pages, 964862 bytes).
PDF statistics:
 537 PDF objects out of 1000 (max. 8388607)
 471 compressed objects within 5 object streams
 219 named destinations out of 1000 (max. 500000)
 280 words of extra memory for PDF output out of 10000 (max. 10000000)

